DateTime,CLOSE,OPEN,HIGH,LOW,VOLUME,AMT,PCT_CHG,SWING,TURN
2018/1/2,2.907,2.864,2.909,2.862,477697012,1383492080,1.714486,1.644507,3.618643
2018/1/3,2.912,2.909,2.945,2.906,570874297,1668821383,0.171999,1.341589,4.328412
2018/1/4,2.919,2.913,2.932,2.909,308413084,900344767,0.240385,0.789835,2.366583
2018/1/5,2.933,2.921,2.938,2.916,322008830,942526280,0.479616,0.753683,2.50532
2018/1/8,2.944,2.927,2.951,2.925,312553092,918485934,0.375043,0.886464,2.434783
2018/1/9,2.97,2.942,2.97,2.941,309711243,916676148,0.883152,0.985054,2.428156
2018/1/10,2.994,2.967,2.996,2.96,477905689,1423989574,0.808081,1.212121,3.81257
2018/1/11,2.991,2.988,3.005,2.979,322739287,965216953,-0.1002,0.868403,2.574705
2018/1/12,3.018,2.991,3.02,2.991,318776174,957658309,0.902708,0.969575,2.537623
2018/1/15,3.043,3.021,3.065,3.018,585266717,1781827856,0.828363,1.557323,4.752084
2018/1/16,3.064,3.036,3.065,3.034,470250218,1432989391,0.690108,1.018732,3.762303
2018/1/17,3.071,3.064,3.127,3.055,838391612,2590198891,0.22846,2.349869,6.772145
2018/1/18,3.106,3.09,3.122,3.082,612352357,1898899830,1.139694,1.302507,4.915729
2018/1/19,3.113,3.116,3.14,3.096,767921220,2397934043,0.22537,1.416613,6.168537
2018/1/22,3.129,3.103,3.139,3.092,608078275,1899510274,0.513974,1.509798,4.923312
2018/1/23,3.173,3.137,3.175,3.137,935563894,2953636240,1.4062,1.214446,7.456475
2018/1/24,3.172,3.184,3.195,3.146,849642627,2699437535,-0.031516,1.54428,6.824987
2018/1/25,3.15,3.165,3.171,3.121,642486865,2022418278,-0.693569,1.576293,5.164685
2018/1/26,3.171,3.145,3.195,3.141,597438041,1895127949,0.666667,1.714286,4.717609
2018/1/29,3.114,3.181,3.193,3.103,741525838,2340129048,-1.79754,2.838221,5.793171
2018/1/30,3.075,3.106,3.124,3.072,450105801,1394189793,-1.252408,1.669878,3.522506
2018/1/31,3.113,3.064,3.117,3.062,573769304,1775467538,1.235772,1.788618,4.465478
2018/2/1,3.134,3.115,3.136,3.096,701066553,2186595086,0.67459,1.284934,5.520644
2018/2/2,3.145,3.11,3.148,3.076,729215706,2272216717,0.350989,2.297384,5.562286
2018/2/5,3.18,3.106,3.181,3.099,826498116,2594426926,1.112878,2.607313,6.244319
2018/2/6,3.11,3.131,3.146,3.089,1729886045,5384711724,-2.201258,1.792453,12.70387
2018/2/7,3.023,3.142,3.162,3.013,1388927408,4266528853,-2.797428,4.790997,10.351225
2018/2/8,2.939,3,3.016,2.907,1206013478,3578899060,-2.778697,3.60569,8.853424
2018/2/9,2.803,2.851,2.878,2.713,1848601312,5148844906,-4.627424,5.614154,14.322471
2018/2/12,2.8,2.801,2.822,2.77,782889674,2193227398,-0.107028,1.855155,6.225268
2018/2/13,2.848,2.829,2.884,2.828,603550338,1723677927,1.714286,2,4.914905
2018/2/14,2.866,2.856,2.873,2.837,259654865,741460212,0.632022,1.264045,2.110844
2018/2/22,2.925,2.907,2.939,2.894,363241017,1059208023,2.058618,1.570133,2.98497
2018/2/23,2.955,2.934,2.962,2.924,351074427,1032836958,1.025641,1.299145,2.869896
2018/2/26,2.965,2.97,2.989,2.927,651191347,1927924081,0.338409,2.098139,5.271951
2018/2/27,2.92,2.973,2.976,2.912,638534203,1873449111,-1.517707,2.158516,5.187118
2018/2/28,2.871,2.898,2.902,2.858,604360811,1741070931,-1.678082,1.506849,4.990181
2018/3/1,2.884,2.852,2.904,2.849,450512759,1298810206,0.452804,1.915709,3.698184
2018/3/2,2.856,2.862,2.884,2.846,342488511,980550490,-0.970874,1.317614,2.79514
2018/3/5,2.855,2.858,2.889,2.837,484453943,1385442491,-0.035014,1.820728,3.956018
2018/3/6,2.888,2.875,2.889,2.83,532161449,1525238009,1.155867,2.06655,4.290241
2018/3/7,2.871,2.888,2.917,2.859,692903517,2001643050,-0.588643,2.00831,5.617378
2018/3/8,2.893,2.873,2.898,2.86,338225401,975051055,0.766284,1.323581,2.730928
2018/3/9,2.903,2.9,2.913,2.885,415786355,1205019645,0.345662,0.967853,3.320712
2018/3/12,2.905,2.916,2.923,2.894,524250859,1524123075,0.068894,0.998967,4.10501
2018/3/13,2.873,2.906,2.916,2.869,611026319,1764288853,-1.101549,1.6179,4.857511
2018/3/14,2.863,2.864,2.874,2.853,307910846,881510460,-0.348068,0.730943,2.471393
2018/3/15,2.89,2.856,2.891,2.852,332744795,958410016,0.943067,1.362207,2.661745
2018/3/16,2.862,2.891,2.905,2.861,429644043,1239769679,-0.968858,1.522491,3.431114
2018/3/19,2.892,2.863,2.893,2.85,418328198,1201754748,1.048218,1.502446,3.362226
2018/3/20,2.895,2.876,2.901,2.871,309561253,892921489,0.103734,1.037344,2.501101
2018/3/21,2.884,2.92,2.924,2.871,438675217,1273673068,-0.379965,1.830743,3.598648
2018/3/22,2.857,2.885,2.898,2.842,446799997,1279916650,-0.9362,1.941748,3.679183
2018/3/23,2.781,2.78,2.794,2.743,657713836,1824960347,-2.660133,1.785089,5.516345
2018/3/26,2.734,2.764,2.768,2.702,615811633,1683043369,-1.69004,2.373247,5.029497
2018/3/27,2.739,2.765,2.774,2.717,594417612,1631765668,0.182882,2.084857,4.815828
2018/3/28,2.688,2.71,2.74,2.678,680253180,1838408907,-1.861993,2.2636,5.560804
2018/3/29,2.734,2.692,2.753,2.651,705585541,1905708016,1.71131,3.794643,5.724832
2018/3/30,2.713,2.733,2.735,2.708,519739819,1414041470,-0.768105,0.987564,4.199239
2018/4/2,2.702,2.71,2.751,2.695,570173005,1550314340,-0.405455,2.064136,4.6254
2018/4/3,2.693,2.682,2.708,2.676,412658967,1109466828,-0.333087,1.184308,3.307357
2018/4/4,2.694,2.702,2.725,2.688,426019022,1153924587,0.037133,1.373932,3.423489
2018/4/9,2.711,2.698,2.716,2.683,445749735,1205290004,0.631032,1.224944,3.53265
2018/4/10,2.775,2.713,2.776,2.705,698182792,1911887307,2.360752,2.61896,5.516179
2018/4/11,2.775,2.775,2.795,2.761,702535327,1952370825,0,1.225225,5.560672
2018/4/12,2.742,2.775,2.778,2.74,462988709,1277055672,-1.189189,1.369369,3.600223
2018/4/13,2.717,2.755,2.764,2.714,438486254,1199489591,-0.911743,1.823487,3.418463
2018/4/16,2.655,2.708,2.718,2.65,686090525,1834639043,-2.281929,2.50276,5.30414
2018/4/17,2.626,2.661,2.678,2.622,742739670,1970885394,-1.092279,2.109228,5.708552
2018/4/18,2.643,2.658,2.662,2.618,833165288,2200641845,0.647372,1.675552,6.214869
2018/4/19,2.676,2.652,2.688,2.646,548797150,1466478935,1.248581,1.589103,4.121027
2018/4/20,2.637,2.665,2.673,2.624,732609220,1936764933,-1.457399,1.831091,5.655031
2018/4/23,2.658,2.625,2.665,2.625,583220768,1545776179,0.796359,1.516875,4.446297
2018/4/24,2.718,2.663,2.732,2.663,1036373400,2805969429,2.257336,2.595937,7.799318
2018/4/25,2.693,2.703,2.712,2.69,576526197,1556493754,-0.919794,0.809419,4.250101
2018/4/26,2.655,2.704,2.711,2.644,512949185,1370684895,-1.411066,2.487932,3.741424
2018/4/27,2.642,2.665,2.668,2.603,826336630,2179340237,-0.489642,2.448211,5.791538
2018/5/2,2.646,2.652,2.662,2.629,525424412,1390071333,0.1514,1.249054,3.631129
2018/5/3,2.654,2.639,2.666,2.617,499165604,1319272213,0.302343,1.851852,3.425277
2018/5/4,2.634,2.648,2.661,2.632,424955968,1124222082,-0.75358,1.09269,2.949445
2018/5/7,2.674,2.642,2.679,2.628,561054257,1491859998,1.518603,1.936219,3.933634
2018/5/8,2.714,2.675,2.727,2.673,780850730,2113864275,1.495886,2.019447,5.595892
2018/5/9,2.711,2.712,2.717,2.697,348634432,943859483,-0.110538,0.73692,2.491136
2018/5/10,2.723,2.716,2.734,2.702,521580369,1417977081,0.442641,1.180376,3.657133
2018/5/11,2.716,2.729,2.733,2.713,410360233,1117242122,-0.257069,0.734484,2.87508
2018/5/14,2.745,2.725,2.754,2.725,567599142,1556725463,1.067747,1.067747,3.991274
2018/5/15,2.74,2.752,2.754,2.722,396704066,1084784173,-0.182149,1.165756,2.804553
2018/5/16,2.705,2.732,2.735,2.702,678681505,1843251978,-1.277372,1.20438,4.914065
2018/5/17,2.689,2.711,2.715,2.688,366116950,988869765,-0.591497,0.998152,2.647266
2018/5/18,2.733,2.69,2.734,2.682,653961477,1771701744,1.636296,1.933804,4.670153
2018/5/21,2.736,2.751,2.758,2.728,671915295,1844031441,0.109769,1.097695,4.755912
2018/5/22,2.717,2.736,2.737,2.7,609091559,1654159201,-0.694444,1.352339,4.263556
2018/5/23,2.672,2.711,2.711,2.67,787236155,2113780908,-1.656238,1.509017,5.608293
2018/5/24,2.655,2.673,2.683,2.654,334519522,893110906,-0.636228,1.085329,2.380075
2018/5/25,2.654,2.658,2.675,2.644,361552052,962077764,-0.037665,1.167608,2.577176
2018/5/28,2.668,2.658,2.68,2.648,534919871,1425988590,0.527506,1.205727,3.752507
2018/5/29,2.655,2.666,2.671,2.635,528008132,1400824237,-0.487256,1.349325,3.745801
2018/5/30,2.601,2.631,2.632,2.6,609194736,1595058091,-2.033898,1.205273,4.352635
2018/5/31,2.651,2.62,2.657,2.617,513940884,1354095280,1.922338,1.53787,3.721782
2018/6/1,2.643,2.644,2.658,2.632,343515815,907807495,-0.301773,0.980762,2.516968
2018/6/4,2.686,2.657,2.689,2.648,492216145,1317343680,1.626939,1.551267,3.644696
2018/6/5,2.696,2.685,2.703,2.673,371805052,999840662,0.372301,1.116902,2.775908
2018/6/6,2.686,2.692,2.695,2.682,274974197,739259816,-0.37092,0.482196,2.042747
2018/6/7,2.694,2.696,2.717,2.691,452097492,1221341436,0.297841,0.967982,3.392852
2018/6/8,2.652,2.692,2.692,2.641,447201474,1190246531,-1.55902,1.893096,3.38712
2018/6/11,2.663,2.646,2.669,2.638,376837470,1000289958,0.414781,1.168929,2.832725
2018/6/12,2.688,2.663,2.696,2.653,496906815,1330752122,0.938791,1.61472,3.727453
2018/6/13,2.672,2.683,2.687,2.667,318187240,852019566,-0.595238,0.744048,2.390229
2018/6/14,2.675,2.661,2.697,2.661,503593883,1347711515,0.112275,1.347305,3.722054
2018/6/15,2.678,2.676,2.69,2.668,436938078,1171635382,0.11215,0.82243,3.237058
2018/6/19,2.612,2.655,2.662,2.583,867108553,2283778528,-2.464526,2.949963,6.431125
2018/6/20,2.61,2.602,2.621,2.584,473411288,1233404982,-0.07657,1.416539,3.50753
2018/6/21,2.592,2.611,2.641,2.591,614492167,1611735975,-0.689655,1.915709,4.650663
2018/6/22,2.598,2.585,2.605,2.571,514507067,1331163478,0.231481,1.311728,3.828178
2018/6/25,2.548,2.607,2.614,2.546,545113043,1407392107,-1.924557,2.617398,4.057108
2018/6/26,2.52,2.536,2.536,2.483,689694561,1734785970,-1.098901,2.080063,5.094132
2018/6/27,2.465,2.515,2.53,2.451,752661854,1868552495,-2.18254,3.134921,5.54774
2018/6/28,2.441,2.451,2.48,2.433,468016423,1148721672,-0.973631,1.906694,3.434227
2018/6/29,2.495,2.451,2.5,2.448,573563438,1420601354,2.212208,2.130274,4.211495
2018/7/2,2.402,2.49,2.49,2.387,788283471,1927517679,-3.727455,4.128257,5.912274
2018/7/3,2.41,2.412,2.417,2.351,749829769,1794299172,0.333056,2.74771,5.517917
2018/7/4,2.39,2.404,2.423,2.384,427974871,1028244125,-0.829876,1.618257,3.175595
2018/7/5,2.391,2.39,2.419,2.371,480674236,1151142241,0.041841,2.008368,3.569805
2018/7/6,2.425,2.399,2.445,2.37,749159142,1808783334,1.421999,3.136763,5.483926
2018/7/9,2.496,2.436,2.497,2.435,610786106,1508009103,2.927835,2.556701,4.452767
2018/7/10,2.493,2.495,2.501,2.472,416367825,1035850728,-0.120192,1.161859,3.035193
2018/7/11,2.454,2.445,2.465,2.429,504294445,1235755085,-1.56438,1.444043,3.676419
2018/7/12,2.505,2.452,2.523,2.452,539826260,1346598282,2.07824,2.893236,3.921161
2018/7/13,2.509,2.513,2.517,2.498,334776399,839484675,0.159681,0.758483,2.461591
2018/7/16,2.49,2.508,2.524,2.478,398141205,992598503,-0.757274,1.8334,2.935928
2018/7/17,2.475,2.489,2.492,2.459,420874939,1040571099,-0.60241,1.325301,3.079272
2018/7/18,2.463,2.481,2.505,2.461,562709840,1397269596,-0.484848,1.777778,4.156214
2018/7/19,2.474,2.474,2.5,2.463,396676268,983572899,0.44661,1.502233,2.934213
2018/7/20,2.54,2.474,2.553,2.452,907777227,2276190185,2.667745,4.082458,6.772435
2018/7/23,2.569,2.527,2.579,2.525,776137376,1981644976,1.141732,2.125984,5.89367
2018/7/24,2.61,2.576,2.626,2.576,665471379,1737849206,1.595952,1.946283,5.167907
2018/7/25,2.609,2.619,2.621,2.598,390885052,1019348349,-0.038314,0.881226,3.030587
2018/7/26,2.575,2.614,2.625,2.573,379358365,984700356,-1.303181,1.993101,2.950766
2018/7/27,2.575,2.575,2.591,2.563,406461617,1047116177,0,1.087379,3.124617
2018/7/30,2.587,2.568,2.61,2.565,554179899,1432906028,0.466019,1.747573,4.207204
2018/7/31,2.595,2.584,2.606,2.573,477061620,1234773033,0.309239,1.275609,3.565945
2018/8/1,2.537,2.607,2.621,2.533,628102705,1620680737,-2.235067,3.391137,4.713657
2018/8/2,2.484,2.528,2.535,2.46,721197256,1799665064,-2.089082,2.956248,5.308672
2018/8/3,2.457,2.484,2.499,2.456,449223512,1114037048,-1.086957,1.731079,3.302976
2018/8/6,2.455,2.458,2.494,2.438,610752393,1505697491,-0.0814,2.279202,4.418708
2018/8/7,2.53,2.462,2.531,2.455,674778966,1681969650,3.05499,3.095723,4.911031
2018/8/8,2.494,2.525,2.53,2.488,504680345,1266377786,-1.422925,1.660079,3.710976
2018/8/9,2.551,2.486,2.559,2.483,562950387,1428628901,2.285485,3.047314,4.110067
2018/8/10,2.551,2.551,2.567,2.533,530356297,1352598134,0,1.332811,3.953143
2018/8/13,2.526,2.529,2.538,2.49,508858678,1280851450,-0.980008,1.881615,3.735519
2018/8/14,2.518,2.523,2.532,2.502,401333810,1009904102,-0.316706,1.187648,2.927998
2018/8/15,2.454,2.516,2.516,2.449,520405387,1289373593,-2.5417,2.660842,3.785519
2018/8/16,2.453,2.431,2.481,2.409,737608091,1809777877,-0.04075,2.933985,5.299226
2018/8/17,2.42,2.475,2.478,2.414,622378515,1521311297,-1.345291,2.60905,4.51517
2018/8/20,2.458,2.427,2.46,2.418,597188762,1457281952,1.570248,1.735537,4.271899
2018/8/21,2.496,2.46,2.51,2.456,734320029,1829181714,1.545972,2.196908,5.328315
2018/8/22,2.499,2.509,2.509,2.483,571211615,1425145025,0.120192,1.041667,4.252818
2018/8/23,2.509,2.5,2.523,2.482,482829452,1210743787,0.40016,1.640656,3.554538
2018/8/24,2.523,2.5,2.546,2.485,460293248,1157069157,0.557991,2.431248,3.387731
2018/8/27,2.571,2.534,2.572,2.53,460496784,1175414969,1.902497,1.664685,3.410919
2018/8/28,2.56,2.575,2.583,2.553,290231114,744864639,-0.427849,1.166861,2.141901
2018/8/29,2.553,2.557,2.564,2.549,235411696,601329629,-0.273438,0.585938,1.727923
2018/8/30,2.533,2.556,2.57,2.528,342579006,872319226,-0.783392,1.645123,2.522698
2018/8/31,2.521,2.51,2.54,2.503,565830265,1426387351,-0.473747,1.460719,4.08466
2018/9/3,2.512,2.508,2.52,2.492,349966838,878201625,-0.357001,1.11067,2.51006
2018/9/4,2.55,2.514,2.558,2.499,587169878,1487512798,1.512739,2.348726,4.180851
2018/9/5,2.487,2.537,2.543,2.485,616296250,1548682801,-2.470588,2.27451,4.431119
2018/9/6,2.466,2.484,2.502,2.458,445022413,1104004931,-0.844391,1.7692,3.171354
2018/9/7,2.491,2.474,2.51,2.466,472138295,1175338288,1.013788,1.784266,3.363727
2018/9/10,2.466,2.485,2.495,2.464,547395925,1353494447,-1.003613,1.24448,3.796913
2018/9/11,2.449,2.464,2.476,2.44,748356209,1840034079,-0.689376,1.459854,5.006442
2018/9/12,2.432,2.444,2.451,2.426,538663869,1312714761,-0.694161,1.020825,3.52571
2018/9/13,2.466,2.462,2.471,2.434,719113453,1763511049,1.398026,1.521382,4.602955
2018/9/14,2.475,2.469,2.486,2.46,477495105,1181294349,0.364964,1.054339,3.083744
2018/9/17,2.452,2.46,2.469,2.449,358750701,881489679,-0.929293,0.808081,2.330009
2018/9/18,2.513,2.444,2.515,2.441,625716566,1553404157,2.487765,3.017945,4.033481
2018/9/19,2.538,2.507,2.557,2.502,1134662770,2875976142,0.994827,2.188619,7.664172
2018/9/20,2.541,2.541,2.555,2.535,563091483,1432342704,0.118203,0.788022,3.823904
2018/9/21,2.632,2.546,2.637,2.54,1252601911,3237850345,3.581267,3.817395,8.375265
2018/9/25,2.6,2.601,2.612,2.59,879392109,2289129051,-1.215805,0.835866,5.803738
2018/9/26,2.638,2.608,2.665,2.607,1250934054,3303371020,1.461538,2.230769,8.28435
2018/9/27,2.628,2.63,2.639,2.616,709197260,1863219042,-0.379075,0.871873,4.6419
2018/9/28,2.659,2.634,2.674,2.634,935788393,2482063284,1.179604,1.52207,6.03016
2018/10/8,2.533,2.6,2.61,2.53,1381296013,3549752821,-4.738624,3.00865,8.410297
2018/10/9,2.545,2.536,2.559,2.527,685726992,1744365478,0.473747,1.263324,4.112314
2018/10/10,2.545,2.548,2.569,2.522,923727540,2352262291,0,1.846758,5.441801
2018/10/11,2.439,2.465,2.497,2.415,1720144797,4237190646,-4.165029,3.222004,9.878017
2018/10/12,2.494,2.446,2.505,2.442,1191445090,2944757011,2.255023,2.583026,6.803605
2018/10/15,2.463,2.498,2.499,2.459,711162797,1761238494,-1.242983,1.603849,4.03056
2018/10/16,2.467,2.466,2.51,2.453,1028953987,2553136179,0.162404,2.314251,5.737139
2018/10/17,2.477,2.499,2.506,2.431,1509539747,3739517266,0.405351,3.04013,8.130726
2018/10/18,2.419,2.46,2.464,2.417,856099287,2089517335,-2.341542,1.897457,4.535729
2018/10/19,2.491,2.398,2.5,2.394,1407597770,3459759479,2.976437,4.381976,7.482618
2018/10/22,2.599,2.53,2.621,2.511,2173907449,5601993715,4.335608,4.415897,12.142383
2018/10/23,2.511,2.592,2.599,2.498,1742997572,4447503080,-3.385918,3.88611,9.25361
2018/10/24,2.525,2.506,2.579,2.506,1711930721,4342598099,0.557547,2.907208,9.250446
2018/10/25,2.531,2.47,2.537,2.461,1073078521,2680100189,0.237624,3.009901,5.746695
2018/10/26,2.516,2.537,2.55,2.492,915634076,2307347593,-0.592651,2.291584,4.860888
2018/10/29,2.431,2.51,2.525,2.421,1305305726,3208841956,-3.378378,4.133545,6.651183
2018/10/30,2.463,2.424,2.496,2.422,1395994824,3433249609,1.316331,3.044015,7.030429
2018/10/31,2.496,2.472,2.508,2.458,1128913271,2806521875,1.339829,2.030045,5.870289
2018/11/1,2.507,2.52,2.548,2.502,1097287485,2772464245,0.440705,1.842949,5.815241
2018/11/2,2.594,2.57,2.596,2.536,1720034522,4417454630,3.470283,2.393299,9.498877
2018/11/5,2.558,2.573,2.573,2.539,750637426,1919837121,-1.387818,1.310717,4.098537
2018/11/6,2.546,2.553,2.558,2.527,727151239,1847724176,-0.469116,1.211884,3.900154
2018/11/7,2.528,2.55,2.571,2.524,752480172,1914198097,-0.706991,1.846033,4.041667
2018/11/8,2.537,2.551,2.561,2.53,657737637,1673227225,0.356013,1.226266,3.533305
2018/11/9,2.48,2.52,2.52,2.48,1244108931,3107304443,-2.246748,1.576665,6.434968
2018/11/12,2.49,2.477,2.495,2.467,760810324,1889158465,0.403226,1.129032,3.884546
2018/11/13,2.509,2.461,2.524,2.458,930177652,2315689623,0.763052,2.650602,4.809191
2018/11/14,2.475,2.507,2.508,2.471,673156650,1673788381,-1.355122,1.474691,3.514524
2018/11/15,2.505,2.475,2.506,2.474,663693258,1655348237,1.212121,1.292929,3.452785
2018/11/16,2.507,2.506,2.53,2.489,865175374,2173632881,0.07984,1.636727,4.565095
2018/11/19,2.54,2.511,2.54,2.511,882122136,2230974012,1.316314,1.156761,4.724288
2018/11/20,2.498,2.523,2.532,2.491,745093907,1869895570,-1.653543,1.614173,3.955152
2018/11/21,2.497,2.48,2.503,2.476,675945054,1684666465,-0.040032,1.080865,3.522296
2018/11/22,2.483,2.501,2.504,2.47,603705721,1498767907,-0.560673,1.361634,3.164413
2018/11/23,2.442,2.482,2.489,2.438,755789130,1859303052,-1.651228,2.053967,3.922537
2018/11/26,2.45,2.453,2.47,2.437,917185216,2248868030,0.3276,1.351351,4.823491
2018/11/27,2.439,2.453,2.462,2.432,792300029,1938288584,-0.44898,1.22449,4.203124
2018/11/28,2.466,2.44,2.472,2.439,923785222,2270958157,1.107011,1.353014,4.986838
2018/11/29,2.453,2.479,2.486,2.451,509437704,1258887035,-0.52717,1.419303,2.769727
2018/11/30,2.474,2.45,2.479,2.448,630339499,1554387434,0.856095,1.263759,3.380568
2018/12/3,2.482,2.49,2.494,2.463,742989187,1844693591,2.350532,1.278351,4.002492
2018/12/4,2.49,2.482,2.496,2.475,516692455,1284125862,0.322321,0.846092,2.788024
2018/12/5,2.479,2.466,2.489,2.464,643724257,1595598317,-0.441767,1.004016,3.422287
2018/12/6,2.433,2.455,2.46,2.431,1032601649,2520416104,-1.855587,1.169827,5.342719
2018/12/7,2.425,2.44,2.443,2.425,701526423,1707456849,-0.328812,0.739827,3.59093
2018/12/10,2.408,2.412,2.424,2.398,816643914,1966348639,-0.701031,1.072165,4.113108
2018/12/11,2.413,2.408,2.417,2.404,718079777,1730496316,0.207641,0.539867,3.561786
2018/12/12,2.419,2.428,2.431,2.412,621019924,1503005768,0.248653,0.787402,3.06163
2018/12/13,2.453,2.421,2.464,2.421,895802476,2194111741,1.405539,1.777594,4.466647
2018/12/14,2.423,2.445,2.445,2.422,604436766,1469223498,-1.222992,0.937627,2.999572
2018/12/17,2.42,2.418,2.428,2.407,959718517,2320703537,-0.123813,0.866694,4.604939
2018/12/18,2.391,2.408,2.423,2.386,815781227,1959459228,-1.198347,1.528926,3.871662
2018/12/19,2.365,2.394,2.398,2.359,679428965,1616954830,-1.087411,1.631117,3.199938
2018/12/20,2.331,2.36,2.369,2.312,888966224,2075575600,-1.437632,2.410148,4.184499
2018/12/21,2.302,2.322,2.325,2.283,796032229,1827648110,-1.244101,1.801802,3.75803
2018/12/24,2.304,2.289,2.31,2.281,819904426,1882592032,0.086881,1.259774,3.924252
2018/12/25,2.292,2.283,2.306,2.251,1670367488,3799465808,-0.520833,2.387153,8.262411
2018/12/26,2.275,2.289,2.297,2.271,1151572234,2628114094,-0.74171,1.13438,5.756432
2018/12/27,2.275,2.304,2.309,2.268,693608954,1588103576,0,1.802198,3.452738
2018/12/28,2.286,2.277,2.303,2.274,950515186,2173070031,0.483516,1.274725,4.751824
2019/1/2,2.255,2.291,2.294,2.246,757076490,1712496852,-1.35608,2.099738,3.836394
2019/1/3,2.261,2.255,2.284,2.25,623733184,1412693946,0.266075,1.507761,3.157812
2019/1/4,2.31,2.248,2.312,2.246,1094084985,2504025088,2.167183,2.919062,5.629641
2019/1/7,2.307,2.32,2.325,2.299,589783489,1362653387,-0.12987,1.125541,3.036151
2019/1/8,2.3,2.307,2.307,2.294,390830538,898453538,-0.303424,0.563502,2.010655
2019/1/9,2.325,2.313,2.353,2.311,1027410889,2401047910,1.086957,1.826087,5.364575
2019/1/10,2.328,2.325,2.34,2.314,541955927,1261251534,0.129032,1.11828,2.861939
2019/1/11,2.347,2.331,2.355,2.328,614010416,1438014466,0.816151,1.159794,3.258548
2019/1/14,2.325,2.342,2.346,2.324,435158841,1014762935,-0.937367,0.937367,2.324707
2019/1/15,2.37,2.33,2.372,2.328,1155168237,2720673357,1.935484,1.892473,6.339705
2019/1/16,2.374,2.368,2.377,2.357,477096226,1129702841,0.168776,0.843882,2.653222
2019/1/17,2.365,2.378,2.391,2.362,396594289,942012678,-0.379107,1.221567,2.217299
2019/1/18,2.409,2.375,2.414,2.373,625110481,1498472809,1.860465,1.733615,3.54919
2019/1/21,2.424,2.407,2.437,2.406,536180315,1300447871,0.622665,1.286841,3.055983
2019/1/22,2.396,2.423,2.423,2.39,618466058,1485736011,-1.155116,1.361386,3.453233
2019/1/23,2.392,2.389,2.408,2.384,550387686,1318478513,-0.166945,1.001669,3.056526
2019/1/24,2.403,2.395,2.407,2.377,548431505,1314224680,0.459866,1.254181,3.051306
2019/1/25,2.433,2.412,2.445,2.407,842665198,2049554356,1.248439,1.581357,4.835298
2019/1/28,2.43,2.447,2.465,2.421,463932676,1135339866,-0.123305,1.808467,2.672721
2019/1/29,2.448,2.426,2.454,2.417,578963955,1409218099,0.740741,1.522634,3.308485
2019/1/30,2.437,2.435,2.455,2.431,451049530,1101487890,-0.449346,0.980392,2.555439
2019/1/31,2.474,2.447,2.478,2.443,706825845,1743023618,1.51826,1.436192,4.061712
2019/2/1,2.492,2.49,2.494,2.469,507108860,1258934267,0.727567,1.010509,2.936533
2019/2/11,2.516,2.482,2.518,2.475,624269617,1560662785,0.963082,1.725522,3.660768
2019/2/12,2.524,2.517,2.529,2.506,414054900,1042670793,0.317965,0.914149,2.446776
2019/2/13,2.571,2.525,2.581,2.519,700800792,1787558222,1.862124,2.456418,4.16361
2019/2/14,2.567,2.565,2.578,2.557,711301960,1826332218,-0.155581,0.816803,4.150324
2019/2/15,2.511,2.56,2.562,2.505,852506753,2159447808,-2.181535,2.220491,4.93664
2019/2/18,2.571,2.529,2.573,2.529,1173911571,3002852943,2.389486,1.75229,6.965897
2019/2/19,2.567,2.575,2.604,2.557,1078871306,2781595168,-0.155581,1.828082,6.602209
2019/2/20,2.577,2.581,2.588,2.56,491632735,1266630625,0.38956,1.090767,3.046152
2019/2/21,2.566,2.575,2.604,2.558,1024101132,2639159388,-0.426853,1.785021,6.580922
2019/2/22,2.618,2.562,2.62,2.546,840918533,2166137573,2.0265,2.883866,5.383234
2019/2/25,2.816,2.645,2.829,2.64,1887359641,5123904640,7.563025,7.219251,12.315587
2019/2/26,2.728,2.8,2.8,2.717,1795176019,4962554885,-3.125,2.947443,11.062441
2019/2/27,2.736,2.729,2.782,2.707,1352810647,3716335330,0.293255,2.749267,8.197329
2019/2/28,2.736,2.736,2.758,2.724,728176467,1994954639,0,1.24269,4.411168
2019/3/1,2.802,2.75,2.806,2.733,1011650146,2797615029,2.412281,2.668129,6.08198
2019/3/4,2.815,2.821,2.897,2.798,1557076967,4416759460,0.463954,3.533191,9.365614
2019/3/5,2.813,2.812,2.822,2.791,893755703,2508877950,-0.071048,1.101243,5.250756
2019/3/6,2.82,2.812,2.832,2.777,1280907536,3590201850,0.248845,1.955208,7.591073
2019/3/7,2.773,2.811,2.813,2.756,1088030446,3026110293,-1.666667,2.021277,6.501772
2019/3/8,2.675,2.726,2.74,2.671,1144230752,3087545163,-3.534079,2.48828,6.713406
2019/3/11,2.69,2.673,2.701,2.655,1044634372,2799492683,0.560748,1.719626,6.15865
2019/3/12,2.701,2.715,2.744,2.687,1323173371,3593093810,0.408922,2.118959,8.048908
2019/3/13,2.706,2.713,2.733,2.682,1314682856,3561083448,0.185117,1.88819,7.87482
2019/3/14,2.71,2.701,2.736,2.699,1070505552,2912476146,0.14782,1.367332,6.315195
2019/3/15,2.74,2.717,2.767,2.717,1282166470,3515524300,1.107011,1.845018,7.776896
2019/3/18,2.812,2.743,2.814,2.734,1331152647,3696610889,2.627737,2.919708,8.209812
2019/3/19,2.79,2.815,2.828,2.783,822864510,2306384742,-0.782361,1.600284,4.995393
2019/3/20,2.794,2.784,2.817,2.77,1051982052,2937599644,0.143369,1.684588,6.25842
2019/3/21,2.784,2.799,2.807,2.781,808093944,2256473755,-0.35791,0.930565,4.872448
2019/3/22,2.777,2.784,2.798,2.753,740931037,2056814360,-0.251437,1.616379,4.465063
2019/3/25,2.702,2.738,2.75,2.698,1374166740,3744881139,-2.700756,1.872524,8.752004
2019/3/26,2.692,2.72,2.724,2.68,892731016,2409066170,-0.370096,1.628423,5.637292
2019/3/27,2.723,2.702,2.733,2.7,1045899947,2843215117,1.15156,1.225854,6.78338
2019/3/28,2.718,2.713,2.726,2.691,592513265,1605788919,-0.183621,1.285347,3.858848
2019/3/29,2.819,2.727,2.831,2.727,1393717572,3894966398,3.715968,3.826343,8.858243
2019/4/1,2.874,2.84,2.895,2.84,1203807976,3460511613,1.951046,1.951046,7.556972
2019/4/2,2.872,2.88,2.889,2.861,915298260,2630369288,-0.069589,0.974252,5.658244
2019/4/3,2.901,2.857,2.911,2.85,810614646,2336498093,1.009749,2.123955,4.973472
2019/4/4,2.939,2.912,2.945,2.9,756670685,2212957462,1.309893,1.551189,4.688064
2019/4/8,2.943,2.96,2.994,2.919,934205562,2764710708,0.136101,2.551888,5.78317
2019/4/9,2.949,2.947,2.966,2.929,905129790,2668253389,0.203874,1.257221,5.790619
2019/4/10,2.964,2.94,2.982,2.921,1192674585,3510648956,0.508647,2.068498,7.907951
2019/4/11,2.912,2.962,2.986,2.901,789417527,2318632150,-1.754386,2.867746,5.148767
2019/4/12,2.906,2.902,2.919,2.89,751556277,2181532828,-0.206044,0.995879,4.758804
2019/4/15,2.906,2.955,2.982,2.904,1331960262,3931882427,0,2.684102,8.465724
2019/4/16,3.008,2.898,3.009,2.892,1392616244,4123776079,3.509979,4.026153,8.839613
2019/4/17,2.997,3.006,3.022,2.977,1058154603,3173801877,-0.365691,1.496011,6.609762
2019/4/18,2.987,2.995,3.002,2.977,607874723,1817812049,-0.333667,0.834168,3.833946
2019/4/19,3.024,2.997,3.031,2.97,1520293034,4568266831,1.238701,2.042183,9.581075
2019/4/22,2.958,3.028,3.034,2.942,1459809379,4353392912,-2.18254,3.042328,9.375381
2019/4/23,2.963,2.95,2.991,2.95,943950004,2798566589,0.169033,1.386072,5.917341
2019/4/24,2.958,2.971,2.982,2.914,1007245578,2971978763,-0.168748,2.294971,6.396401
2019/4/25,2.913,2.945,2.958,2.911,1239752641,3635770753,-1.521298,1.588911,7.465032
2019/4/26,2.88,2.9,2.918,2.876,1162013435,3365424175,-1.132853,1.441813,6.756023
2019/4/29,2.921,2.888,2.952,2.887,1022288318,2986016015,1.423611,2.256944,5.974288
2019/4/30,2.928,2.92,2.938,2.903,682725625,1995072432,0.239644,1.19822,4.049725
2019/5/6,2.787,2.84,2.857,2.752,1954852008,5474573473,-4.815574,3.586066,11.056126
2019/5/7,2.79,2.8,2.817,2.762,1206167605,3368606240,0.107643,1.973448,6.813788
2019/5/8,2.745,2.745,2.782,2.736,950339446,2617223945,-1.612903,1.648746,5.422898
2019/5/9,2.686,2.733,2.737,2.669,1232912318,3331285933,-2.149362,2.477231,6.972316
2019/5/10,2.777,2.718,2.783,2.679,2599899959,7138888384,3.387937,3.871929,14.991264
2019/5/13,2.725,2.745,2.75,2.719,750804629,2052475838,-1.872524,1.116313,4.406501
2019/5/14,2.708,2.704,2.746,2.7,1168621298,3185029723,-0.623853,1.688073,6.609076
2019/5/15,2.765,2.728,2.78,2.726,1095432562,3015406412,2.104874,1.994092,6.426759
2019/5/16,2.774,2.759,2.777,2.751,653211932,1806791511,0.325497,0.940325,3.912042
2019/5/17,2.723,2.773,2.778,2.715,1374025325,3763471404,-1.8385,2.271089,7.848628
2019/5/20,2.699,2.715,2.735,2.682,1307078120,3535242146,-0.881381,1.946383,7.309517
2019/5/21,2.722,2.701,2.749,2.699,1445258776,3939878829,0.852167,1.852538,8.485416
2019/5/22,2.709,2.723,2.728,2.697,961271582,2605630745,-0.47759,1.138868,5.7907
2019/5/23,2.677,2.699,2.706,2.668,824092521,2210094608,-1.181248,1.402732,4.961374
2019/5/24,2.691,2.686,2.715,2.681,625547871,1686657720,0.522973,1.270078,3.769526
2019/5/27,2.714,2.687,2.725,2.659,798351730,2148945443,0.854701,2.45262,4.824441
2019/5/28,2.733,2.712,2.751,2.708,1114518631,3048009609,0.700074,1.584377,6.934162
2019/5/29,2.748,2.721,2.775,2.716,700003574,1919156554,0.548847,2.1588,4.450127
2019/5/30,2.737,2.742,2.746,2.717,443490553,1211490178,-0.400291,1.055313,2.802722
2019/5/31,2.728,2.732,2.76,2.724,453367859,1242478056,-0.328827,1.315309,2.861563
2019/6/3,2.74,2.737,2.762,2.722,629966450,1726338572,0.439883,1.466276,3.916589
2019/6/4,2.722,2.739,2.747,2.713,582347167,1585352339,-0.656934,1.240876,3.545154
2019/6/5,2.718,2.74,2.747,2.714,526969478,1440129993,-0.146951,1.212344,3.184997
2019/6/6,2.704,2.72,2.728,2.702,459376939,1246423894,-0.515085,0.956586,2.749399
2019/6/10,2.739,2.718,2.748,2.71,933096006,2553988948,1.294379,1.405325,5.807688
2019/6/11,2.814,2.75,2.817,2.748,1173800602,3270626579,2.738226,2.519168,7.418475
2019/6/12,2.802,2.807,2.809,2.795,569217724,1594933404,-0.426439,0.497512,3.55003
2019/6/13,2.796,2.799,2.81,2.777,609471690,1702766199,-0.214133,1.17773,3.750972
2019/6/14,2.79,2.8,2.819,2.785,451575822,1265460733,-0.214592,1.216023,2.800459
2019/6/17,2.799,2.788,2.815,2.788,391323312,1096691659,0.322581,0.967742,2.416954
2019/6/18,2.81,2.801,2.812,2.789,475932968,1334491956,0.392997,0.821722,2.955965
2019/6/19,2.856,2.879,2.893,2.853,821325143,2358019358,1.637011,1.423488,5.048664
2019/6/20,2.954,2.854,2.972,2.854,1734115287,5058801128,3.431373,4.131653,10.802998
2019/6/21,2.953,2.954,2.97,2.943,1140271568,3367203503,-0.033852,0.914015,6.920019
2019/6/24,2.959,2.953,2.97,2.944,541740259,1602036930,0.203183,0.880461,3.284097
2019/6/25,2.919,2.958,2.959,2.888,1527385577,4457214953,-1.351808,2.399459,9.106668
2019/6/26,2.916,2.908,2.927,2.901,575624222,1678644628,-0.102775,0.890716,3.471701
2019/6/27,2.955,2.925,2.965,2.925,609819065,1799610980,1.337449,1.371742,3.702658
2019/6/28,2.952,2.952,2.953,2.931,742859610,2186047094,-0.101523,0.744501,4.448456
2019/7/1,3.02,3,3.03,2.995,1321848424,3984858768,2.303523,1.185637,8.10206
2019/7/2,3.016,3.015,3.021,3.005,450813091,1358285837,-0.13245,0.529801,2.781292
2019/7/3,2.987,3.007,3.01,2.977,810184385,2424420251,-0.961538,1.094164,4.915461
2019/7/4,2.976,2.985,2.998,2.961,711496284,2121252772,-0.368262,1.238701,4.246226
2019/7/5,2.987,2.973,2.993,2.965,641184984,1912867904,0.369624,0.94086,3.890764
2019/7/8,2.924,2.974,2.974,2.903,775801425,2276532476,-2.10914,2.376967,4.721035
2019/7/9,2.914,2.921,2.934,2.904,566011936,1650904234,-0.341997,1.025992,3.486204
2019/7/10,2.912,2.926,2.93,2.901,426533483,1244010827,-0.068634,0.995196,2.635889
2019/7/11,2.922,2.926,2.953,2.911,512322071,1501606550,0.343407,1.442308,3.176114
2019/7/12,2.943,2.919,2.954,2.917,732078529,2154167295,0.718686,1.266256,4.600863
2019/7/15,2.942,2.93,2.965,2.888,962297719,2815471682,-0.033979,2.616378,6.036785
2019/7/16,2.925,2.939,2.949,2.923,523155126,1533891663,-0.577838,0.883753,3.268807
2019/7/17,2.916,2.914,2.933,2.905,380458175,1110768527,-0.307692,0.957265,2.386595
2019/7/18,2.905,2.908,2.915,2.898,446754544,1299052287,-0.377229,0.58299,2.78127
2019/7/19,2.94,2.916,2.948,2.916,650914374,1910318188,1.204819,1.101549,4.036436
2019/7/22,2.922,2.936,2.949,2.911,667265511,1956454821,-0.612245,1.292517,4.188796
2019/7/23,2.923,2.924,2.932,2.915,842527169,2462523966,0.034223,0.581793,5.412867
2019/7/24,2.952,2.937,2.968,2.937,1001807866,2959275919,0.992131,1.060554,6.571444
2019/7/25,2.977,2.952,2.978,2.948,552814469,1637314542,0.846883,1.01626,3.681658
2019/7/26,2.982,2.964,2.989,2.962,416322973,1239873847,0.167954,0.906953,2.812258
2019/7/29,2.978,2.979,2.983,2.967,314517230,935676418,-0.134138,0.536553,2.134423
2019/7/30,2.988,2.98,3.002,2.98,397992194,1190965793,0.335796,0.738751,2.691379
2019/7/31,2.96,2.978,2.979,2.954,656064663,1943622290,-0.937082,0.83668,4.362229
2019/8/1,2.935,2.945,2.956,2.924,502313891,1475959112,-0.844595,1.081081,3.345934
2019/8/2,2.89,2.877,2.897,2.874,701454298,2024146287,-1.53322,0.783646,4.702865
2019/8/5,2.835,2.873,2.876,2.831,752235247,2145626911,-1.903114,1.557093,4.932022
2019/8/6,2.805,2.787,2.814,2.766,1169417735,3261876319,-1.058201,1.693122,7.531285
2019/8/7,2.791,2.812,2.816,2.79,735060652,2059570892,-0.499109,0.926916,4.87319
2019/8/8,2.831,2.813,2.835,2.811,591657638,1669612156,1.433178,0.859907,4.001508
2019/8/9,2.82,2.845,2.848,2.814,313877075,888327551,-0.388555,1.200989,2.127091
2019/8/12,2.869,2.829,2.871,2.828,395812403,1127560575,1.737589,1.524823,2.699476
2019/8/13,2.84,2.85,2.858,2.834,320757995,912252659,-1.010805,0.836528,2.191095
2019/8/14,2.849,2.875,2.879,2.848,348221205,997247203,0.316901,1.091549,2.388829
2019/8/15,2.858,2.805,2.864,2.801,506209923,1436494171,0.3159,2.211302,3.466012
2019/8/16,2.87,2.864,2.892,2.851,435790890,1252569615,0.419874,1.43457,3.015068
2019/8/19,2.927,2.889,2.928,2.873,557901864,1618039293,1.986063,1.916376,3.846255
2019/8/20,2.921,2.92,2.93,2.914,443612444,1296068089,-0.204988,0.546635,3.077614
2019/8/21,2.919,2.919,2.924,2.913,268865193,784777975,-0.06847,0.376583,1.860521
2019/8/22,2.923,2.923,2.928,2.907,280942492,820219762,0.137033,0.719424,1.954319
2019/8/23,2.963,2.923,2.97,2.92,707421624,2089351380,1.368457,1.710571,5.032892
2019/8/26,2.914,2.928,2.933,2.905,796433834,2323615647,-1.653729,0.944988,5.452835
2019/8/27,2.934,2.929,2.962,2.926,741528430,2183320682,0.686342,1.235415,5.065996
2019/8/28,2.912,2.924,2.936,2.908,862573076,2515547665,-0.74983,0.954329,5.886799
2019/8/29,2.901,2.912,2.916,2.886,488934957,1417362508,-0.377747,1.03022,3.3948
2019/8/30,2.916,2.923,2.933,2.9,549481640,1603901283,0.517063,1.137539,3.892542
2019/9/2,2.94,2.914,2.949,2.909,408459484,1199539751,0.823045,1.371742,2.933563
2019/9/3,2.939,2.94,2.945,2.926,282452585,829215970,-0.034014,0.646259,2.024522
2019/9/4,2.973,2.938,2.976,2.937,479411457,1416593580,1.156856,1.326982,3.450054
2019/9/5,3.004,2.987,3.044,2.987,638513313,1924343118,1.042718,1.917255,4.597105
2019/9/6,3.037,3.023,3.039,3.009,452729840,1368192612,1.098535,0.998668,3.23333
2019/9/9,3.032,3.06,3.065,3.027,475055774,1444011673,-0.164636,1.251235,3.353761
2019/9/10,3.021,3.032,3.042,3.011,641686275,1936516927,-0.362797,1.022427,4.396868
2019/9/11,3.007,3.031,3.033,2.998,870649148,2622768828,-0.463423,1.158557,5.737858
2019/9/12,3.047,3.014,3.053,3.014,495192595,1502170734,1.330229,1.296974,3.290608
2019/9/16,3.034,3.05,3.054,3.019,411185136,1247882462,-0.426649,1.148671,2.73728
2019/9/17,2.987,3.026,3.028,2.976,785906825,2361227354,-1.54911,1.713909,5.177536
2019/9/18,3.003,2.994,3.016,2.993,798078728,2397658641,0.535655,0.770003,5.467803
2019/9/19,3.007,3.011,3.015,2.989,394183855,1182882190,0.1332,0.865801,2.721782
2019/9/20,3.013,3.016,3.02,3.007,383008067,1153849185,0.199534,0.432325,2.659988
2019/9/23,2.981,3.001,3.003,2.969,556005523,1654327727,-1.062064,1.128443,3.798302
2019/9/24,2.987,2.983,3.003,2.979,599430440,1793393951,0.201275,0.805099,4.181071
2019/9/25,2.977,2.979,2.991,2.97,632663748,1886061722,-0.334784,0.703047,4.452285
2019/9/26,2.978,2.987,3,2.974,458625739,1370727772,0.033591,0.873362,3.267667
2019/9/27,2.978,2.977,2.983,2.966,338713027,1007239504,0,0.570853,2.393348
2019/9/30,2.945,2.975,2.982,2.944,446730770,1324174176,-1.108126,1.276024,3.160622
2019/10/8,2.968,2.945,2.986,2.944,600325910,1784081817,0.780985,1.426146,4.362876
2019/10/9,2.971,2.958,2.979,2.943,429870798,1273426610,0.101078,1.212938,3.174759
2019/10/10,2.987,2.971,2.992,2.959,295143504,878623812,0.538539,1.110737,2.196978
2019/10/11,3.032,2.999,3.04,2.993,568682566,1713277548,1.506528,1.573485,4.250508
2019/10/14,3.061,3.052,3.089,3.045,473974950,1453555171,0.956464,1.451187,3.551474
2019/10/15,3.062,3.058,3.068,3.055,265660905,813429352,0.032669,0.424698,1.990183
2019/10/16,3.051,3.064,3.094,3.045,410241811,1257989802,-0.359242,1.600261,3.069784
2019/10/17,3.059,3.054,3.069,3.048,339864184,1039147467,0.262209,0.688299,2.538542
2019/10/18,3.014,3.065,3.076,3.009,514196769,1563773454,-1.471069,2.190258,3.81529
2019/10/21,3.016,3.009,3.022,3,341373272,1028025229,0.066357,0.729927,2.51099
2019/10/22,3.019,3.024,3.029,3.006,348624635,1050936694,0.099469,0.762599,2.561614
2019/10/23,3,3.017,3.026,2.991,435389558,1310581680,-0.629347,1.159324,3.185451
2019/10/24,3.008,3.004,3.023,2.993,380310479,1143688469,0.266667,1,2.746307
2019/10/25,3.014,3.004,3.02,2.982,508151438,1524656787,0.199468,1.263298,3.647194
2019/10/28,3.028,3.018,3.036,3.01,367472173,1110622854,0.464499,0.862641,2.635443
2019/10/29,3.016,3.03,3.03,3.015,226378887,684330499,-0.396301,0.495376,1.623339
2019/10/30,2.999,3.012,3.022,2.994,295160213,886655025,-0.56366,0.928382,2.116152
2019/10/31,3.003,3.007,3.012,2.996,261958783,787118847,0.133378,0.533511,1.88786
2019/11/1,3.052,3,3.053,2.994,503862802,1527857333,1.631702,1.964702,3.646564
2019/11/4,3.069,3.057,3.072,3.056,438774470,1344948358,0.557012,0.524246,3.225935
2019/11/5,3.086,3.069,3.117,3.061,657056870,2029834237,0.553926,1.824699,4.77892
2019/11/6,3.079,3.08,3.092,3.071,354006558,1092278508,-0.226831,0.680493,2.564361
2019/11/7,3.079,3.075,3.096,3.069,369210881,1137327429,0,0.876908,2.653737
2019/11/8,3.06,3.099,3.101,3.059,354070792,1090653802,-0.617083,1.364079,2.541956
2019/11/11,3.013,3.046,3.046,3.009,755956605,2289368583,-1.535948,1.20915,5.248472
2019/11/12,3.017,3.02,3.025,3.001,393558887,1186118814,0.132758,0.796548,2.72985
2019/11/13,3.015,3.01,3.021,3.001,321767703,968824606,-0.066291,0.66291,2.234115
2019/11/14,3.013,3.018,3.026,3.011,301451351,910020669,-0.066335,0.497512,2.101854
2019/11/15,3.003,3.02,3.025,3.001,383950687,1156198502,-0.331895,0.796548,2.646518
2019/11/18,3.027,3.003,3.035,2.998,356986400,1077301822,0.799201,1.232101,2.450321
2019/11/19,3.046,3.024,3.047,3.019,424623600,1289554456,0.627684,0.925008,2.944774
2019/11/20,3.013,3.044,3.044,3.006,357529500,1081041743,-1.083388,1.247538,2.47592
2019/11/21,2.995,3.003,3.006,2.988,581601875,1742501109,-0.597411,0.597411,3.960499
2019/11/22,2.967,2.999,3.015,2.957,753554568,2245917107,-0.934891,1.936561,5.157353
2019/11/25,2.994,2.97,2.997,2.97,408473761,1219911155,0.91001,0.91001,2.822907
2019/11/26,2.993,3.002,3.01,2.988,572617114,1716517184,-0.0334,0.734803,4.033547
2019/11/27,2.988,2.991,2.998,2.977,446469247,1334462301,-0.167056,0.701637,3.1719
2019/11/28,2.978,2.989,2.997,2.971,342094174,1019563969,-0.334672,0.870147,2.407746
2019/11/29,2.938,2.97,2.975,2.927,757251811,2232849793,-1.343183,1.61182,5.160406
2019/12/2,2.897,2.895,2.909,2.893,286432479,831161814,0.207505,0.553442,1.964589
2019/12/3,2.907,2.891,2.908,2.875,272341338,788222654,0.345185,1.139109,1.866788
2019/12/4,2.901,2.897,2.903,2.885,250216259,724751426,-0.206398,0.619195,1.710592
2019/12/5,2.919,2.908,2.926,2.908,407737415,1188894955,0.620476,0.620476,2.770432
2019/12/6,2.936,2.926,2.937,2.92,290401988,850151548,0.582391,0.582391,1.981054
2019/12/9,2.931,2.94,2.942,2.923,355812374,1042713436,-0.1703,0.647139,2.399134
2019/12/10,2.933,2.924,2.935,2.921,233462533,684066277,0.068236,0.477653,1.572354
2019/12/11,2.947,2.943,2.95,2.929,421521949,1239191541,0.477327,0.71599,2.882602
2019/12/12,2.937,2.947,2.952,2.934,347398169,1021477679,-0.339328,0.610791,2.351103
2019/12/13,3,2.963,3.005,2.963,626228958,1868407015,2.145046,1.430031,4.214287
2019/12/16,2.993,2.999,3,2.98,739498409,2208984009,-0.233333,0.666667,4.806255
2019/12/17,3.025,2.994,3.05,2.988,693591337,2090222430,1.069161,2.0715,4.478549
2019/12/18,3.017,3.021,3.038,3.016,485361758,1469046619,-0.264463,0.727273,3.100845
2019/12/19,3.01,3.021,3.023,3.006,379325108,1143438109,-0.232019,0.563474,2.401998
2019/12/20,3.005,3.012,3.026,3.002,472381515,1423233622,-0.166113,0.797342,2.999292
2019/12/23,2.979,3.003,3.019,2.975,553635111,1660823605,-0.865225,1.464226,3.518614
2019/12/24,2.988,2.98,2.992,2.975,359686606,1073521696,0.302115,0.570661,2.299262
2019/12/25,2.98,2.984,2.985,2.967,497845498,1482332609,-0.267738,0.60241,3.193084
2019/12/26,3.002,2.98,3.005,2.979,507531462,1518286393,0.738255,0.872483,3.261232
2019/12/27,3.009,3.005,3.04,3.002,615384398,1860126203,0.233178,1.265823,3.988862
2019/12/30,3.051,3.005,3.058,2.999,571400064,1733531710,1.395813,1.960784,3.751913
2019/12/31,3.058,3.046,3.06,3.038,434376711,1324084863,0.229433,0.721075,2.874788
2020/1/2,3.081,3.071,3.1,3.07,515432997,1589411885,0.752126,0.981033,3.413675
2020/1/3,3.068,3.088,3.09,3.064,335949392,1033552694,-0.421941,0.843882,2.224305
2020/1/6,3.05,3.053,3.082,3.029,584398594,1788059233,-0.586701,1.72751,3.919963
2020/1/7,3.062,3.056,3.074,3.051,396497844,1213624513,0.393443,0.754098,2.682907
2020/1/8,3.033,3.05,3.053,3.024,442180042,1343852756,-0.947093,0.947093,2.956012
2020/1/9,3.057,3.051,3.063,3.046,310053452,947161689,0.791296,0.560501,2.077359
2020/1/10,3.061,3.067,3.071,3.052,245525788,750911285,0.130847,0.621524,1.64423
2020/1/13,3.08,3.063,3.081,3.045,361624037,1107041065,0.620712,1.176086,2.430503
2020/1/14,3.076,3.085,3.1,3.069,376813274,1162867642,-0.12987,1.006494,2.53106
2020/1/15,3.046,3.073,3.079,3.045,409759623,1251576036,-0.975293,1.105332,2.770449
2020/1/16,3.036,3.055,3.058,3.027,386871970,1176398396,-0.328299,1.017728,2.639959
2020/1/17,3.042,3.041,3.063,3.033,569829948,1733918311,0.197628,0.988142,3.918278
2020/1/20,3.058,3.056,3.06,3.045,459768122,1403798600,0.52597,0.493097,3.209737
2020/1/21,3.007,3.04,3.043,3.004,574211412,1733470136,-1.667757,1.275343,3.95183
2020/1/22,3.006,3,3.013,2.956,737727346,2206473244,-0.033256,1.895577,5.107547
2020/1/23,2.925,2.982,2.988,2.904,767631284,2259669968,-2.694611,2.794411,5.174647
2020/2/3,2.707,2.695,2.754,2.667,1562732580,4240677392,-7.452991,2.974359,10.231548
2020/2/4,2.785,2.715,2.787,2.71,817873004,2257436609,2.881419,2.844477,5.38749
2020/2/5,2.801,2.79,2.823,2.77,674451001,1887652247,0.574506,1.903052,4.49659
2020/2/6,2.842,2.813,2.86,2.8,479625871,1355467190,1.463763,2.142092,3.206148
2020/2/7,2.841,2.826,2.842,2.811,382974745,1081348895,-0.035186,1.090781,2.575561
2020/2/10,2.839,2.817,2.844,2.81,467001796,1321198140,-0.070398,1.196762,3.189104
2020/2/11,2.87,2.848,2.883,2.843,362941829,1041562669,1.091934,1.408947,2.497833
2020/2/12,2.883,2.867,2.887,2.852,266144903,764857498,0.452962,1.219512,1.845836
2020/2/13,2.869,2.883,2.898,2.862,244340724,703124394,-0.485605,1.248699,1.694508
2020/2/14,2.885,2.861,2.89,2.861,329803160,949425523,0.557686,1.010805,2.279367
2020/2/17,2.939,2.888,2.941,2.886,437866984,1276703942,1.87175,1.906412,3.054921
2020/2/18,2.913,2.931,2.933,2.903,360176674,1051016880,-0.884655,1.020755,2.533731
2020/2/19,2.913,2.909,2.931,2.905,356549566,1040185145,0,0.892551,2.5173
2020/2/20,2.967,2.918,2.97,2.906,684324337,2009605513,1.853759,2.197048,4.966514
2020/2/21,2.958,2.955,2.983,2.949,366806228,1085537221,-0.303337,1.145939,2.655175
2020/2/24,2.924,2.941,2.946,2.909,438213959,1281840403,-1.149425,1.250845,3.179526
2020/2/25,2.899,2.895,2.905,2.862,658357515,1900506879,-0.854993,1.470588,4.700685
2020/2/26,2.894,2.868,2.919,2.861,713226475,2067002724,-0.172473,2.00069,5.084608
2020/2/27,2.898,2.894,2.914,2.892,381077635,1106765222,0.138217,0.760194,2.721776
2020/2/28,2.814,2.85,2.876,2.806,695878639,1971727560,-2.898551,2.415459,4.997166
2020/3/2,2.899,2.829,2.915,2.829,570019408,1641373280,3.020611,3.056148,4.107163
2020/3/3,2.907,2.93,2.941,2.9,564810949,1650452906,0.275957,1.414281,4.044456
2020/3/4,2.939,2.905,2.94,2.903,394532331,1152619993,1.100791,1.27279,2.844385
2020/3/5,3.004,2.955,3.014,2.946,792807008,2366716688,2.211637,2.313712,5.66466
2020/3/6,2.951,2.978,2.989,2.95,493335273,1463182963,-1.764314,1.298269,3.504183
2020/3/9,2.861,2.904,2.907,2.856,786540298,2258974317,-3.049814,1.728228,5.656257
2020/3/10,2.911,2.86,2.926,2.841,955126963,2763644894,1.747641,2.970989,6.607741
2020/3/11,2.874,2.911,2.916,2.873,546955787,1581385485,-1.271041,1.477156,3.85059
2020/3/12,2.836,2.845,2.856,2.816,601465453,1705302811,-1.322199,1.391788,4.219369
2020/3/13,2.796,2.724,2.818,2.701,859776185,2369733308,-1.410437,4.125529,5.914941
2020/3/16,2.687,2.785,2.785,2.681,728598617,1991427287,-3.898426,3.719599,4.933976
2020/3/17,2.675,2.7,2.729,2.623,888395013,2379071814,-0.446595,3.94492,5.84026
2020/3/18,2.618,2.687,2.713,2.615,766396589,2048682918,-2.130841,3.663551,5.094006
2020/3/19,2.564,2.609,2.638,2.505,1166555611,2985488971,-2.062643,5.080214,7.485518
2020/3/20,2.624,2.584,2.629,2.572,1075398984,2795675721,2.340094,2.223089,6.714082
2020/3/23,2.553,2.541,2.58,2.536,763646843,1951635837,-2.705793,1.676829,4.711581
2020/3/24,2.627,2.6,2.631,2.582,1016356174,2655033937,2.898551,1.919311,6.259636
2020/3/25,2.687,2.687,2.698,2.668,1196546927,3213754585,2.283974,1.141987,7.484328
2020/3/26,2.677,2.667,2.706,2.662,446033246,1197526263,-0.372162,1.637514,2.793213
2020/3/27,2.692,2.709,2.725,2.69,519413847,1404266476,0.560329,1.307434,3.269701
2020/3/30,2.68,2.659,2.685,2.652,458744289,1224202957,-0.445765,1.225854,2.862328
2020/3/31,2.675,2.7,2.707,2.67,457193375,1229132124,-0.186567,1.380597,2.874116
2020/4/1,2.671,2.671,2.71,2.666,478444952,1285444968,-0.149533,1.64486,3.025688
2020/4/2,2.706,2.656,2.708,2.652,364541550,976648082,1.310371,2.096593,2.319222
2020/4/3,2.694,2.698,2.708,2.685,330872317,892025943,-0.443459,0.849963,2.124604
2020/4/7,2.743,2.74,2.75,2.731,424902768,1164693404,1.818857,0.705271,2.748407
2020/4/8,2.73,2.73,2.741,2.723,261926302,715194320,-0.473934,0.656216,1.703445
2020/4/9,2.739,2.74,2.746,2.735,251002425,688032693,0.32967,0.40293,1.64725
2020/4/10,2.738,2.739,2.773,2.731,425705171,1170042355,-0.03651,1.533406,2.799225
2020/4/13,2.726,2.731,2.735,2.719,268395656,732041641,-0.438276,0.584368,1.758488
2020/4/14,2.771,2.743,2.771,2.734,342569895,943543428,1.65077,1.3573,2.264226
2020/4/15,2.751,2.766,2.775,2.75,303144211,836605914,-0.721761,0.902201,1.996397
2020/4/16,2.753,2.742,2.757,2.74,234502641,644853519,0.072701,0.617957,1.544074
2020/4/17,2.793,2.775,2.811,2.767,530009621,1479444368,1.45296,1.598256,3.562882
2020/4/20,2.803,2.797,2.807,2.784,289171883,808721479,0.358038,0.823487,1.968432
2020/4/21,2.771,2.797,2.798,2.756,296662605,821914114,-1.141634,1.498395,2.007004
2020/4/22,2.79,2.763,2.791,2.755,343428312,952132027,0.685673,1.29917,2.3461
2020/4/23,2.787,2.795,2.807,2.782,266170705,743377532,-0.107527,0.896057,1.821457
2020/4/24,2.765,2.775,2.776,2.759,256785600,709988734,-0.789379,0.609975,1.753992
2020/4/27,2.79,2.768,2.804,2.768,470276294,1313548232,0.904159,1.301989,3.267699
2020/4/28,2.81,2.797,2.817,2.768,315689970,884392070,0.716846,1.756272,2.210843
2020/4/29,2.829,2.804,2.837,2.801,320438412,904967245,0.676157,1.281139,2.242401
2020/4/30,2.852,2.838,2.87,2.833,262312238,748633614,0.813008,1.307883,1.828614
2020/5/6,2.848,2.82,2.853,2.811,309426848,875418571,-0.140252,1.472651,2.155569
2020/5/7,2.843,2.845,2.85,2.833,217451585,617648440,-0.175562,0.59691,1.510766
2020/5/8,2.863,2.858,2.876,2.851,259022738,741884562,0.703482,0.879353,1.803419
2020/5/11,2.863,2.865,2.89,2.856,317849095,913101069,0,1.187565,2.227087
2020/5/12,2.86,2.86,2.872,2.85,276043953,789534562,-0.104785,0.768425,1.951769
2020/5/13,2.86,2.852,2.863,2.839,129350769,368743861,0,0.839161,0.915041
2020/5/14,2.831,2.85,2.85,2.828,238101400,675347177,-1.013986,0.769231,1.670844
2020/5/15,2.812,2.835,2.844,2.81,360934663,1019270555,-0.671141,1.200989,2.508099
2020/5/18,2.833,2.81,2.842,2.81,324552388,918839506,0.746799,1.13798,2.247972
2020/5/19,2.852,2.855,2.865,2.847,261512471,746375063,0.670667,0.635369,1.81893
2020/5/20,2.849,2.852,2.859,2.843,264967771,755369257,-0.105189,0.56101,1.825819
2020/5/21,2.838,2.854,2.86,2.836,266474698,758827461,-0.3861,0.842401,1.845819
2020/5/22,2.768,2.83,2.832,2.766,526393100,1467875067,-2.466526,2.325581,3.637153
2020/5/25,2.78,2.77,2.782,2.756,275189275,763102821,0.433526,0.939306,1.899197
2020/5/26,2.802,2.793,2.803,2.787,451492925,1262110400,0.791367,0.57554,3.182359
2020/5/27,2.792,2.803,2.808,2.784,244796971,683801179,-0.356888,0.856531,1.724145
2020/5/28,2.801,2.79,2.826,2.777,344819253,966734155,0.32235,1.755014,2.420639
2020/5/29,2.802,2.78,2.809,2.78,249940604,699483316,0.035702,1.035345,1.773412
2020/6/1,2.864,2.83,2.869,2.828,360043706,1028020131,2.212705,1.463241,2.563799
2020/6/2,2.879,2.859,2.888,2.857,259134405,744612641,0.523743,1.082402,1.857745
2020/6/3,2.884,2.895,2.919,2.883,396536323,1149516473,0.173671,1.250434,2.851063
2020/6/4,2.878,2.897,2.898,2.873,190374093,548400159,-0.208044,0.866852,1.374109
2020/6/5,2.892,2.88,2.895,2.867,162544519,467610234,0.486449,0.972898,1.175298
2020/6/8,2.905,2.897,2.92,2.897,266152097,774025199,0.449516,0.795297,1.941757
2020/6/9,2.923,2.908,2.926,2.902,234882499,685717528,0.619621,0.826162,1.717685
2020/6/10,2.908,2.923,2.923,2.904,145840148,424505141,-0.513171,0.650017,1.067717
2020/6/11,2.878,2.9,2.91,2.87,227138005,655835377,-1.031637,1.375516,1.667415
2020/6/12,2.891,2.847,2.893,2.841,207355786,594727513,0.451703,1.80681,1.520085
2020/6/15,2.847,2.868,2.876,2.841,217522287,621662537,-1.521965,1.210654,1.592512
2020/6/16,2.877,2.867,2.879,2.862,232229908,667331714,1.053741,0.59712,1.697169
2020/6/17,2.881,2.876,2.882,2.863,219333376,630269426,0.139034,0.66041,1.613426
2020/6/18,2.895,2.872,2.896,2.86,330840064,952211486,0.485942,1.249566,2.454473
2020/6/19,2.927,2.892,2.938,2.89,343200099,1001206310,1.105354,1.658031,2.556755
2020/6/22,2.924,2.927,2.95,2.914,295088652,864848195,-0.102494,1.229928,2.206919
2020/6/23,2.93,2.916,2.932,2.903,215215341,628469085,0.205198,0.991792,1.617289
2020/6/24,2.958,2.938,2.962,2.931,329540029,972348595,0.955631,1.05802,2.461924
2020/6/29,2.937,2.949,2.956,2.92,376772660,1104347348,-0.709939,1.217039,2.795056
2020/6/30,2.956,2.945,2.968,2.944,428844681,1266693741,0.646919,0.81716,3.213748
2020/7/1,3.027,2.963,3.028,2.956,464423279,1391408140,2.401894,2.435724,3.486487
2020/7/2,3.103,3.019,3.114,3.019,687646308,2114508891,2.510737,3.138421,5.066405
2020/7/3,3.187,3.116,3.19,3.116,787174681,2480654338,2.707058,2.384789,5.65972
2020/7/6,3.469,3.23,3.481,3.23,2339053083,7843001186,8.848447,7.875745,14.922125
2020/7/7,3.402,3.526,3.539,3.4,1819728182,6275115633,-1.931392,4.006918,10.815449
2020/7/8,3.447,3.397,3.489,3.391,988535773,3386774582,1.322751,2.880658,5.929222
2020/7/9,3.459,3.446,3.472,3.42,759348351,2617029221,0.348129,1.508558,4.606783
2020/7/10,3.373,3.425,3.44,3.36,784248398,2666360687,-2.486268,2.312807,4.810376
2020/7/13,3.416,3.365,3.458,3.354,841174565,2868603436,1.27483,3.083309,5.199732
2020/7/14,3.38,3.408,3.429,3.341,747200569,2530144170,-1.053864,2.576112,4.653261
2020/7/15,3.35,3.403,3.417,3.342,673905863,2275871725,-0.887574,2.218935,4.247279
2020/7/16,3.206,3.356,3.37,3.2,1269468698,4159533008,-4.298507,5.074627,8.096325
2020/7/17,3.229,3.22,3.266,3.195,693396748,2239589705,0.717405,2.214598,4.415958
2020/7/20,3.331,3.26,3.34,3.234,756395566,2492109102,3.158873,3.28275,4.869363
2020/7/21,3.329,3.341,3.346,3.312,705225417,2346940308,-0.060042,1.020715,4.638308
2020/7/22,3.334,3.327,3.407,3.315,921931166,3092646266,0.150195,2.763593,6.042135
2020/7/23,3.331,3.307,3.353,3.268,634768634,2102966924,-0.089982,2.54949,4.217349
2020/7/24,3.2,3.318,3.319,3.181,769536901,2495368177,-3.932753,4.1429,5.136387
2020/7/27,3.211,3.218,3.245,3.186,421671756,1355130586,0.34375,1.84375,2.811807
2020/7/28,3.231,3.238,3.252,3.214,420878797,1360198392,0.622859,1.183432,2.826024
2020/7/29,3.291,3.228,3.298,3.216,483308548,1580622913,1.85701,2.537914,3.217024
2020/7/30,3.277,3.297,3.312,3.276,362218412,1192828299,-0.425403,1.093892,2.423066
2020/7/31,3.295,3.278,3.337,3.244,872622932,2870862429,0.549283,2.837962,5.961245
2020/8/3,3.328,3.313,3.339,3.299,436063993,1446273139,1.001517,1.213961,2.994767
2020/8/4,3.359,3.337,3.38,3.328,843609342,2829040789,0.93149,1.5625,5.604534
2020/8/5,3.336,3.349,3.349,3.3,656266687,2182663038,-0.684728,1.458767,4.447949
2020/8/6,3.338,3.345,3.363,3.287,613640321,2035852035,0.059952,2.278177,4.239204
2020/8/7,3.308,3.32,3.338,3.265,450541914,1489021385,-0.898742,2.186938,3.137835
2020/8/10,3.333,3.296,3.358,3.275,456127861,1517180572,0.755744,2.509069,3.170578
2020/8/11,3.307,3.331,3.383,3.301,764764325,2566067067,-0.780078,2.460246,5.278945
2020/8/12,3.297,3.303,3.317,3.245,678060440,2225641573,-0.302389,2.1772,4.679581
2020/8/13,3.286,3.304,3.309,3.276,365243136,1202298742,-0.333637,1.00091,2.553047
2020/8/14,3.343,3.285,3.346,3.277,483047598,1601797645,1.734632,2.099817,3.323188
2020/8/17,3.418,3.352,3.451,3.348,998561281,3399768663,2.243494,3.081065,6.607096
2020/8/18,3.413,3.421,3.427,3.394,616600600,2103496665,-0.146284,0.965477,4.056618
2020/8/19,3.351,3.412,3.416,3.349,625511274,2112083592,-1.816584,1.963082,4.165558
2020/8/20,3.312,3.33,3.334,3.295,464592274,1541349655,-1.163832,1.163832,3.106962
2020/8/21,3.336,3.333,3.352,3.308,401735624,1338992422,0.724638,1.328502,2.663841
2020/8/24,3.346,3.349,3.373,3.338,675876600,2265114492,0.29976,1.049161,4.562767
2020/8/25,3.359,3.357,3.385,3.346,419978533,1413743206,0.388524,1.165571,2.86693
2020/8/26,3.323,3.355,3.375,3.313,421744124,1407998071,-1.071748,1.845787,2.912986
2020/8/27,3.342,3.327,3.343,3.304,224394530,746430470,0.571772,1.173638,1.557834
2020/8/28,3.424,3.337,3.428,3.331,517650192,1752953967,2.453621,2.902454,3.610875
2020/8/31,3.395,3.435,3.462,3.389,522450877,1795221459,-0.846963,2.132009,3.635461
2020/9/1,3.404,3.385,3.405,3.379,313469098,1063756070,0.265096,0.765832,2.15415
2020/9/2,3.395,3.414,3.422,3.363,557717032,1890868886,-0.264395,1.733255,3.916176
2020/9/3,3.387,3.394,3.426,3.371,293789238,997393116,-0.235641,1.620029,2.060455
2020/9/4,3.356,3.347,3.365,3.333,306289737,1025193074,-0.915264,0.944789,2.144471
2020/9/7,3.301,3.349,3.375,3.293,341779252,1140452427,-1.638856,2.443385,2.401574
2020/9/8,3.336,3.316,3.344,3.3,401768855,1333350974,1.060285,1.332929,2.835115
2020/9/9,3.285,3.303,3.317,3.258,434571230,1431874718,-1.528777,1.768585,3.04685
2020/9/10,3.296,3.306,3.32,3.289,408338579,1350036298,0.334855,0.943683,2.88239
2020/9/11,3.313,3.284,3.32,3.28,269912773,890587429,0.515777,1.213592,1.894914
2020/9/14,3.341,3.327,3.345,3.323,280336520,934929341,0.845155,0.664051,1.986925
2020/9/15,3.367,3.342,3.371,3.326,339804522,1140364713,0.77821,1.346902,2.426055
2020/9/16,3.346,3.363,3.372,3.337,250042394,839452882,-0.623701,1.039501,1.798366
2020/9/17,3.314,3.341,3.341,3.307,254680304,846258287,-0.956366,1.016139,1.828409
2020/9/18,3.406,3.316,3.409,3.314,719479850,2417685638,2.776101,2.866626,5.098764
2020/9/21,3.362,3.411,3.419,3.36,482392161,1632597919,-1.291838,1.732237,3.395414
2020/9/22,3.322,3.342,3.37,3.309,540055829,1802640378,-1.189768,1.814396,3.842182
2020/9/23,3.325,3.322,3.334,3.305,409635195,1361370534,0.090307,0.872968,2.962882
2020/9/24,3.271,3.305,3.314,3.268,294713447,967950850,-1.62406,1.383459,2.115953
2020/9/25,3.282,3.281,3.296,3.267,320318247,1050487698,0.336289,0.886579,2.297709
2020/9/28,3.302,3.291,3.319,3.289,228523832,754931307,0.609385,0.914077,1.635869
2020/9/29,3.295,3.32,3.323,3.294,287012615,948837674,-0.211993,0.878256,2.033723
2020/9/30,3.281,3.31,3.321,3.265,388025725,1277703358,-0.424886,1.699545,2.760577
2020/10/9,3.337,3.327,3.35,3.325,469678103,1567201859,1.706797,0.761963,3.332736
2020/10/12,3.442,3.35,3.444,3.35,544969092,1860223690,3.146539,2.816901,3.927686
2020/10/13,3.437,3.428,3.445,3.416,271994295,932371789,-0.145264,0.842533,1.974913
2020/10/14,3.424,3.431,3.431,3.412,228471577,781680111,-0.378237,0.552808,1.665759
2020/10/15,3.425,3.419,3.449,3.414,494940923,1699066442,0.029206,1.022196,3.526861
2020/10/16,3.432,3.425,3.455,3.408,393686559,1353526262,0.20438,1.372263,2.794409
2020/10/19,3.409,3.453,3.486,3.397,535932001,1844539555,-0.670163,2.59324,3.792929
2020/10/20,3.412,3.398,3.414,3.394,426396432,1451994826,0.088002,0.586682,3.032009
2020/10/21,3.433,3.419,3.434,3.403,433257663,1480408680,0.615475,0.908558,3.136397
2020/10/22,3.42,3.423,3.433,3.38,438333102,1494232069,-0.378678,1.543839,3.127094
2020/10/23,3.408,3.42,3.449,3.402,534227894,1830334935,-0.350877,1.374269,3.772219
2020/10/26,3.354,3.38,3.385,3.34,535554337,1798975251,-1.584507,1.320423,3.725474
2020/10/27,3.346,3.349,3.354,3.331,337718901,1129533589,-0.238521,0.685748,2.363924
2020/10/28,3.364,3.346,3.372,3.336,632950855,2124474365,0.537956,1.075912,4.531803
2020/10/29,3.383,3.335,3.403,3.329,471322600,1585602686,0.564804,2.199762,3.385265
2020/10/30,3.329,3.375,3.383,3.321,385778133,1293232637,-1.596216,1.832693,2.75712
2020/11/2,3.317,3.333,3.351,3.302,394402626,1311800090,-0.360469,1.471913,2.772394
2020/11/3,3.355,3.331,3.375,3.33,389458760,1305997449,1.145614,1.356648,2.737122
2020/11/4,3.38,3.36,3.395,3.349,376762310,1270007537,0.745156,1.371088,2.668994
2020/11/5,3.418,3.418,3.44,3.395,548497978,1872101864,1.12426,1.331361,3.902493
2020/11/6,3.408,3.428,3.429,3.387,384234455,1309046718,-0.292569,1.228789,2.773922
2020/11/9,3.468,3.435,3.482,3.435,469912381,1626568267,1.760563,1.379108,3.410187
2020/11/10,3.466,3.491,3.492,3.451,429095468,1492462779,-0.05767,1.182238,3.146861
2020/11/11,3.464,3.462,3.485,3.46,261744222,908741351,-0.057703,0.721293,1.908972
2020/11/12,3.447,3.465,3.473,3.436,296467827,1022547405,-0.490762,1.068129,2.180974
2020/11/13,3.388,3.431,3.431,3.371,543852196,1841734272,-1.711633,1.740644,3.934439
2020/11/16,3.429,3.41,3.431,3.395,386260439,1317642597,1.210153,1.062574,2.816548
2020/11/17,3.43,3.425,3.436,3.413,323618833,1108946945,0.029163,0.670749,2.37458
2020/11/18,3.435,3.43,3.458,3.42,626648067,2159581271,0.145773,1.107872,4.456808
2020/11/19,3.46,3.424,3.468,3.42,411932902,1421194827,0.727802,1.39738,2.929349
2020/11/20,3.465,3.462,3.468,3.445,352204402,1217078364,0.144509,0.66474,2.534781
2020/11/23,3.521,3.472,3.54,3.471,756216358,2653729253,1.616162,1.991342,5.45797
2020/11/24,3.493,3.521,3.529,3.491,723999385,2537056720,-0.795229,1.079239,5.014691
2020/11/25,3.468,3.505,3.525,3.467,595775601,2082198867,-0.715717,1.660464,4.193221
2020/11/26,3.497,3.468,3.499,3.465,307163558,1069877135,0.836217,0.980392,2.164638
2020/11/27,3.557,3.498,3.561,3.495,843676667,2977601100,1.715756,1.887332,5.707357
2020/11/30,3.473,3.516,3.575,3.472,1467464876,5193602820,-0.941244,2.937821,9.441465
2020/12/1,3.557,3.476,3.563,3.476,811632065,2864395143,2.418658,2.505039,5.120524
2020/12/2,3.545,3.558,3.573,3.525,541549798,1922213431,-0.337363,1.349452,3.377095
2020/12/3,3.538,3.544,3.552,3.521,545270803,1927642645,-0.197461,0.874471,3.333141
2020/12/4,3.543,3.535,3.549,3.501,442716436,1560214891,0.141323,1.356699,2.713261
2020/12/7,3.511,3.544,3.549,3.492,486309440,1708975464,-0.903189,1.608806,3.011658
2020/12/8,3.499,3.58,3.58,3.488,436983773,1535311280,-0.341783,2.620336,2.675029
2020/12/9,3.47,3.507,3.52,3.465,512286103,1791501940,-0.828808,1.571878,3.118815
2020/12/10,3.456,3.461,3.477,3.439,458333410,1586191032,-0.403458,1.095101,2.805722
2020/12/11,3.429,3.469,3.478,3.403,540670655,1857613082,-0.78125,2.170139,3.33678
2020/12/14,3.461,3.435,3.466,3.43,303408537,1046907314,0.933217,1.049869,1.87469
2020/12/15,3.464,3.458,3.471,3.437,300402396,1037206954,0.08668,0.982375,1.853333
2020/12/16,3.482,3.469,3.487,3.463,382326587,1329542783,0.51963,0.692841,2.378309
2020/12/17,3.537,3.487,3.54,3.482,631899791,2219359588,1.579552,1.665709,3.944944
2020/12/18,3.505,3.527,3.536,3.487,726989190,2552152128,-0.904722,1.385355,4.495394
2020/12/21,3.513,3.506,3.528,3.472,538736687,1889408565,0.228245,1.597718,3.339125
2020/12/22,3.464,3.508,3.517,3.458,821657506,2872498884,-1.394819,1.679476,5.266608
2020/12/23,3.491,3.468,3.51,3.468,778427723,2712982490,0.779446,1.212471,5.146879
2020/12/24,3.485,3.495,3.512,3.47,342027162,1193653672,-0.171871,1.203094,2.257819
2020/12/25,3.509,3.472,3.512,3.461,507738096,1773929385,0.688666,1.463415,3.276011
2020/12/28,3.519,3.507,3.539,3.495,437031367,1538010740,0.284981,1.253918,2.820619
2020/12/29,3.512,3.527,3.537,3.506,288187752,1013844951,-0.19892,0.880932,1.852658
2020/12/30,3.563,3.509,3.566,3.504,535168542,1893801835,1.452164,1.765376,3.478855
2020/12/31,3.634,3.571,3.643,3.571,668195485,2417288656,1.992703,2.020769,4.293111
2021/1/4,3.632,3.636,3.655,3.598,570759818,2070828077,-0.055036,1.56852,3.676234
2021/1/5,3.671,3.625,3.675,3.608,844943674,3079597412,1.073789,1.844714,5.681681
2021/1/6,3.726,3.673,3.728,3.661,651523191,2410271253,1.498229,1.825116,4.502589
2021/1/7,3.803,3.737,3.807,3.722,588820087,2210573820,2.066559,2.281267,3.998136
2021/1/8,3.782,3.81,3.829,3.745,814331223,3082995430,-0.552196,2.208783,5.423319
2021/1/11,3.765,3.78,3.841,3.75,619308303,2349883718,-0.449498,2.406134,4.193876
2021/1/12,3.899,3.759,3.904,3.755,714697993,2742212198,3.559097,3.957503,4.783863
2021/1/13,3.862,3.91,3.924,3.835,648591116,2516183799,-0.948961,2.282637,4.235734
2021/1/14,3.802,3.856,3.857,3.791,562724773,2151668300,-1.553599,1.708959,3.656487
2021/1/15,3.805,3.815,3.857,3.775,699719411,2670259229,0.078906,2.15676,4.625643
2021/1/18,3.837,3.793,3.866,3.788,551065080,2109810976,0.840999,2.049934,3.671328
2021/1/19,3.797,3.846,3.851,3.78,432457525,1651465311,-1.042481,1.850404,2.898865
2021/1/20,3.8,3.797,3.827,3.774,485005290,1844912633,0.07901,1.395839,3.306358
2021/1/21,3.84,3.817,3.868,3.801,532673073,2040987825,1.052632,1.763158,3.670502
2021/1/22,3.833,3.836,3.851,3.81,462417806,1771629407,-0.182292,1.067708,3.239634
2021/1/25,3.89,3.83,3.894,3.813,1048827430,4046937534,1.487086,2.113227,7.777003
2021/1/26,3.8,3.872,3.874,3.797,664673144,2543773043,-2.313625,1.979434,4.833049
2021/1/27,3.806,3.8,3.821,3.781,766624223,2915126851,0.157895,1.052632,5.68486
2021/1/28,3.731,3.762,3.768,3.712,731226749,2731789965,-1.970573,1.471361,5.427806
2021/1/29,3.704,3.747,3.755,3.661,657338669,2444146137,-0.723667,2.519432,4.716749
2021/2/1,3.731,3.707,3.733,3.692,509476743,1893780024,0.728942,1.106911,3.702628
2021/2/2,3.752,3.741,3.756,3.723,641496022,2403515956,0.562852,0.884481,4.822964
2021/2/3,3.764,3.752,3.782,3.731,380828212,1430590734,0.319829,1.359275,2.915461
2021/2/4,3.787,3.746,3.808,3.746,497927696,1880798982,0.611052,1.647184,3.914413
2021/2/5,3.834,3.804,3.864,3.799,356766657,1368472618,1.241088,1.716398,2.819049
2021/2/8,3.875,3.848,3.884,3.82,458774035,1768024560,1.069379,1.669275,3.633863
2021/2/9,3.939,3.887,3.94,3.857,347031586,1350244949,1.651613,2.141935,2.784703
2021/2/10,4.012,3.95,4.03,3.945,382168884,1528119654,1.853262,2.157908,3.047291
2021/2/18,4.007,4.09,4.099,3.981,579603469,2343966320,-0.124626,2.941176,4.587333
2021/2/19,3.998,3.992,4.008,3.947,742446617,2955627297,-0.224607,1.522336,5.728858
2021/2/22,3.873,4.002,4.005,3.866,853631895,3347089389,-3.126563,3.476738,6.48013
2021/2/23,3.886,3.849,3.927,3.845,594569639,2318195152,0.335657,2.117222,4.552717
2021/2/24,3.788,3.887,3.896,3.752,859755074,3285470393,-2.521873,3.70561,6.461279
2021/2/25,3.843,3.824,3.862,3.804,540372102,2073582281,1.451954,1.531151,4.138858
2021/2/26,3.743,3.777,3.808,3.741,769832381,2900948289,-2.602134,1.74343,5.738908
2021/3/1,3.773,3.777,3.78,3.737,400600102,1507765234,0.801496,1.148811,3.006342
2021/3/2,3.707,3.795,3.796,3.672,643368721,2391796939,-1.749271,3.286509,5.029317
2021/3/3,3.804,3.7,3.806,3.698,517148432,1945427194,2.616671,2.913407,4.006832
2021/3/4,3.698,3.765,3.772,3.677,715951650,2659109479,-2.78654,2.497371,5.456588
2021/3/5,3.678,3.65,3.712,3.616,625701694,2294065088,-0.540833,2.595998,4.656327
2021/3/8,3.561,3.698,3.717,3.556,791825886,2875137354,-3.181077,4.377379,6.074023
2021/3/9,3.505,3.561,3.585,3.483,1118752371,3957865050,-1.572592,2.864364,8.201355
2021/3/10,3.523,3.547,3.562,3.514,445455959,1574736792,0.513552,1.369472,3.289861
2021/3/11,3.614,3.539,3.617,3.538,500166304,1796509200,2.583026,2.242407,3.712425
2021/3/12,3.617,3.631,3.632,3.583,729295454,2630124073,0.083011,1.355838,5.69301
2021/3/15,3.558,3.601,3.616,3.526,396806646,1417111777,-1.631186,2.48825,3.113072
2021/3/16,3.582,3.566,3.596,3.543,420298125,1502651100,0.674536,1.489601,3.253493
2021/3/17,3.576,3.576,3.604,3.534,348177666,1242125458,-0.167504,1.954216,2.738136
2021/3/18,3.591,3.58,3.603,3.575,321935472,1155110580,0.419463,0.782998,2.511321
2021/3/19,3.496,3.551,3.56,3.482,753210725,2655519910,-2.645503,2.172097,5.680551
2021/3/22,3.523,3.491,3.55,3.491,411897499,1449805957,0.772311,1.687643,3.082173
2021/3/23,3.504,3.524,3.535,3.467,484198283,1691697904,-0.539313,1.930173,3.65147
2021/3/24,3.454,3.488,3.518,3.441,643580882,2229191719,-1.426941,2.197489,4.836021
2021/3/25,3.452,3.441,3.468,3.429,313949402,1083019110,-0.057904,1.129126,2.349083
2021/3/26,3.514,3.465,3.525,3.465,466843998,1633928987,1.79606,1.738123,3.547564
2021/3/29,3.521,3.525,3.546,3.499,467377310,1650062460,0.199203,1.337507,3.649199
2021/3/30,3.561,3.522,3.566,3.52,295522870,1047200460,1.136041,1.306447,2.344291
2021/3/31,3.527,3.559,3.559,3.502,155181641,546588609,-0.954788,1.600674,1.233209
2021/4/1,3.567,3.538,3.575,3.532,278829509,991423466,1.134108,1.219166,2.202746
2021/4/2,3.601,3.582,3.603,3.566,268663210,962996321,0.953182,1.037286,2.143926
2021/4/6,3.578,3.604,3.607,3.566,248361461,889573237,-0.638711,1.138573,2.003502
2021/4/7,3.542,3.58,3.582,3.526,157320215,556883110,-1.006149,1.56512,1.266692
2021/4/8,3.558,3.534,3.57,3.515,220107742,782238211,0.451722,1.552795,1.759234
2021/4/9,3.506,3.548,3.548,3.493,222900205,782158792,-1.461495,1.545812,1.769461
2021/4/12,3.468,3.495,3.509,3.454,742060106,2576015805,-1.083856,1.568739,5.576394
2021/4/13,3.45,3.462,3.49,3.436,649756429,2245609223,-0.519031,1.557093,4.719643
2021/4/14,3.456,3.452,3.473,3.429,639346007,2208677669,0.173913,1.275362,4.508448
2021/4/15,3.419,3.448,3.448,3.386,385693490,1314812221,-1.070602,1.793981,2.728436
2021/4/16,3.434,3.423,3.445,3.396,457624801,1567068155,0.438725,1.433168,3.202219
2021/4/19,3.5,3.43,3.504,3.413,562866585,1955585611,1.921957,2.649971,3.848011
2021/4/20,3.492,3.482,3.516,3.473,397561241,1390939762,-0.228571,1.228571,2.753658
2021/4/21,3.498,3.473,3.508,3.473,576098944,2012630289,0.171821,1.002291,4.118915
2021/4/22,3.481,3.508,3.52,3.468,474319143,1651855086,-0.485992,1.486564,3.466164
2021/4/23,3.514,3.473,3.522,3.473,528040558,1853662573,0.948003,1.407641,3.907311
2021/4/26,3.458,3.524,3.543,3.451,730601406,2552018617,-1.593625,2.618099,5.511158
2021/4/27,3.466,3.456,3.475,3.444,475711945,1645673764,0.231348,0.896472,3.610507
2021/4/28,3.467,3.45,3.47,3.433,683757117,2358016110,0.028852,1.067513,5.293276
2021/4/29,3.513,3.476,3.515,3.463,518687394,1814097186,1.326796,1.499856,3.87188
2021/4/30,3.482,3.51,3.517,3.46,712682901,2485156707,-0.882437,1.622545,5.339382
2021/5/6,3.444,3.462,3.508,3.432,665838728,2309635845,-1.091327,2.182654,4.948058
2021/5/7,3.399,3.455,3.46,3.39,452238441,1546822837,-1.30662,2.03252,3.377443
2021/5/10,3.399,3.417,3.417,3.362,478090638,1619889168,0,1.618123,3.500863
2021/5/11,3.429,3.371,3.438,3.367,489605374,1665396171,0.882613,2.08885,3.528442
2021/5/12,3.442,3.42,3.45,3.412,318194217,1092707745,0.379119,1.108195,2.291646
2021/5/13,3.407,3.416,3.43,3.386,484668486,1650771768,-1.016851,1.278327,3.430561
2021/5/14,3.498,3.417,3.5,3.402,603058065,2088582024,2.670972,2.876431,4.231343
2021/5/17,3.53,3.5,3.552,3.495,566063703,1999258788,0.914808,1.629503,3.955786
2021/5/18,3.528,3.538,3.543,3.512,252170545,888988251,-0.056657,0.878187,1.755382
2021/5/19,3.504,3.518,3.52,3.494,483006168,1692433889,-0.680272,0.736961,3.427747
2021/5/20,3.516,3.503,3.526,3.485,301916251,1058648856,0.342466,1.170091,2.131444
2021/5/21,3.475,3.523,3.54,3.464,534415380,1867650570,-1.166098,2.161547,3.732038
2021/5/24,3.489,3.474,3.49,3.448,325345793,1131189717,0.402878,1.208633,2.286246
2021/5/25,3.635,3.493,3.64,3.493,1206307810,4305157379,4.18458,4.213242,8.640823
2021/5/26,3.648,3.648,3.673,3.635,684458256,2498716148,0.357634,1.045392,4.893018
2021/5/27,3.658,3.644,3.707,3.619,569428938,2084615874,0.274123,2.412281,3.967823
2021/5/28,3.651,3.657,3.685,3.618,491940578,1794215628,-0.191361,1.831602,3.441259
2021/5/31,3.639,3.646,3.646,3.604,544967107,1974965199,-0.328677,1.15037,3.730003
2021/6/1,3.64,3.633,3.644,3.596,467828359,1695717539,0.02748,1.319044,3.257412
2021/6/2,3.613,3.647,3.655,3.594,476427429,1722404354,-0.741758,1.675824,3.369653
2021/6/3,3.584,3.608,3.631,3.578,371426764,1339603273,-0.802657,1.466925,2.633043
2021/6/4,3.601,3.571,3.65,3.565,725410302,2620795084,0.47433,2.371652,5.042696
2021/6/7,3.593,3.604,3.606,3.57,314777235,1128198618,-0.222161,0.999722,2.186262
2021/6/8,3.572,3.591,3.63,3.55,748174597,2682094923,-0.58447,2.226552,5.107005
2021/6/9,3.582,3.57,3.59,3.562,435996400,1559788312,0.279955,0.783875,2.957739
2021/6/10,3.601,3.582,3.63,3.577,494729956,1785258996,0.53043,1.47962,3.345965
2021/6/11,3.571,3.609,3.613,3.566,487356718,1746172340,-0.833102,1.305193,3.266867
2021/6/15,3.522,3.574,3.577,3.506,438608600,1549764808,-1.372165,1.988239,2.915822
2021/6/16,3.486,3.521,3.526,3.474,569671858,1993362643,-1.022147,1.476434,3.71728
2021/6/17,3.479,3.483,3.501,3.466,375637500,1308150936,-0.200803,1.004016,2.450428
2021/6/18,3.455,3.48,3.492,3.431,647635703,2240428658,-0.689853,1.753377,4.125471
2021/6/21,3.435,3.444,3.459,3.412,587713074,2017105681,-0.578871,1.360347,3.683574
2021/6/22,3.464,3.444,3.469,3.436,699930444,2417534409,0.84425,0.960699,4.443307
2021/6/23,3.469,3.47,3.496,3.458,986137874,3426523913,0.144342,1.096998,6.44772
2021/6/24,3.488,3.473,3.489,3.458,392603306,1364302231,0.547708,0.893629,2.553755
2021/6/25,3.541,3.489,3.556,3.489,616350042,2173447460,1.519495,1.920872,3.977949
2021/6/28,3.527,3.547,3.55,3.51,479293260,1689986226,-0.395369,1.129624,3.094277
2021/6/29,3.497,3.526,3.526,3.485,378334184,1325234182,-0.850581,1.162461,2.431193
2021/6/30,3.515,3.498,3.52,3.496,535123927,1878453982,0.514727,0.686303,3.458131
2021/7/1,3.548,3.526,3.549,3.491,912383447,3214618369,0.938834,1.650071,6.161644
2021/7/2,3.423,3.517,3.53,3.417,609549653,2106127753,-3.523112,3.184893,4.081523
2021/7/5,3.42,3.419,3.435,3.393,426280181,1455122932,-0.087642,1.226994,2.819525
2021/7/6,3.431,3.42,3.432,3.39,662336674,2258333877,0.321637,1.22807,4.315103
2021/7/7,3.442,3.415,3.456,3.407,499901108,1716861890,0.320606,1.428155,3.227132
2021/7/8,3.395,3.445,3.453,3.383,574155624,1956405720,-1.365485,2.033701,3.670657
2021/7/9,3.382,3.384,3.397,3.349,541821300,1828720775,-0.382916,1.413844,3.442153
2021/7/12,3.41,3.402,3.437,3.382,499814342,1705243288,0.827912,1.626257,3.196118
2021/7/13,3.421,3.414,3.444,3.407,374690818,1283452342,0.322581,1.085044,2.373599
2021/7/14,3.368,3.42,3.42,3.356,608260479,2051832879,-1.549255,1.870798,3.932591
2021/7/15,3.44,3.368,3.444,3.364,677168306,2311712611,2.137767,2.375297,4.343978
2021/7/16,3.403,3.438,3.445,3.397,599545713,2048015177,-1.075581,1.395349,3.847146
2021/7/19,3.416,3.39,3.424,3.352,823050020,2790248502,0.382016,2.11578,5.194624
2021/7/20,3.408,3.392,3.415,3.39,416582252,1417034415,-0.234192,0.73185,2.603644
2021/7/21,3.421,3.415,3.448,3.406,614545335,2104195144,0.381455,1.232394,3.90841
2021/7/22,3.425,3.425,3.447,3.417,473804139,1625540581,0.116925,0.876937,3.004205
2021/7/23,3.388,3.425,3.427,3.385,486565879,1652414972,-1.080292,1.226277,3.099804
2021/7/26,3.259,3.371,3.374,3.225,1077822309,3538673886,-3.807556,4.397875,6.951061
2021/7/27,3.156,3.259,3.273,3.145,916395520,2943539619,-3.160479,3.927585,5.938255
2021/7/28,3.183,3.152,3.2,3.126,1375378402,4360822657,0.855513,2.34474,8.903124
2021/7/29,3.212,3.229,3.232,3.189,1027235063,3296128857,0.91109,1.350927,7.020053
2021/7/30,3.163,3.19,3.19,3.146,525898205,1664828434,-1.525529,1.369863,3.637806
2021/8/2,3.242,3.15,3.25,3.12,1170401857,3764606634,2.497629,4.110022,8.413459
2021/8/3,3.254,3.228,3.268,3.213,556312598,1804723698,0.370142,1.696484,4.081181
2021/8/4,3.264,3.247,3.274,3.241,578407947,1884690269,0.307314,1.014136,4.398952
2021/8/5,3.258,3.247,3.299,3.234,286971842,938195391,-0.183824,1.991422,2.199664
2021/8/6,3.232,3.25,3.251,3.218,275368020,889400150,-0.798036,1.012891,2.092245
2021/8/9,3.268,3.21,3.29,3.203,386442029,1258724453,1.113861,2.691832,2.954367
2021/8/10,3.322,3.261,3.327,3.229,423944846,1390954294,1.652387,2.998776,3.241301
2021/8/11,3.295,3.313,3.333,3.295,327959112,1087005844,-0.812763,1.143889,2.521838
2021/8/12,3.261,3.289,3.297,3.258,230336724,753589245,-1.031866,1.183612,1.757911
2021/8/13,3.254,3.25,3.28,3.235,291691610,948314983,-0.214658,1.379945,2.203764
2021/8/16,3.262,3.255,3.285,3.24,334998304,1093329626,0.245851,1.382913,2.529918
2021/8/17,3.182,3.26,3.28,3.177,664909946,2148158188,-2.452483,3.157572,4.885284
2021/8/18,3.224,3.182,3.244,3.174,646778110,2072317004,1.319925,2.199874,4.632893
2021/8/19,3.178,3.22,3.22,3.164,584118800,1863245291,-1.426799,1.736973,4.148492
2021/8/20,3.108,3.159,3.164,3.081,1493245755,4664361186,-2.202643,2.611705,9.791026
2021/8/23,3.136,3.122,3.149,3.109,1047652598,3282125835,0.900901,1.287001,7.151228
2021/8/24,3.185,3.146,3.201,3.144,980087102,3114462566,1.5625,1.817602,6.851233
2021/8/25,3.197,3.191,3.211,3.174,839718678,2680400601,0.376766,1.161695,6.065374
2021/8/26,3.128,3.197,3.199,3.126,429417725,1352201552,-2.158273,2.283391,3.061918
2021/8/27,3.159,3.125,3.187,3.125,582399354,1842628258,0.991049,1.982097,4.05515
2021/8/30,3.149,3.175,3.18,3.126,387592703,1219525359,-0.316556,1.709402,2.698406
2021/8/31,3.138,3.136,3.164,3.092,711120530,2223885731,-0.349317,2.28644,4.882572
2021/9/1,3.207,3.129,3.226,3.104,1154777365,3669320334,2.198853,3.887827,7.549012
2021/9/2,3.204,3.211,3.231,3.187,650014335,2084416994,-0.093545,1.371999,4.16018
2021/9/3,3.212,3.209,3.245,3.177,792382328,2551362957,0.249688,2.122347,4.992559
2021/9/6,3.247,3.213,3.27,3.206,751347932,2440656083,1.089664,1.992528,4.698313
2021/9/7,3.284,3.249,3.3,3.227,560195102,1827574693,1.139513,2.248229,3.499849
2021/9/8,3.249,3.283,3.295,3.241,499630258,1630740905,-1.065773,1.644336,3.112541
2021/9/9,3.24,3.235,3.248,3.222,385845928,1248284795,-0.277008,0.800246,2.381402
2021/9/10,3.292,3.236,3.306,3.234,636237931,2086083752,1.604938,2.222222,3.938172
2021/9/13,3.281,3.281,3.311,3.259,389688432,1279332107,-0.334143,1.579587,2.415853
2021/9/14,3.228,3.278,3.298,3.217,591318184,1923848040,-1.615361,2.46876,3.647935
2021/9/15,3.186,3.225,3.226,3.166,661102013,2113130187,-1.301115,1.858736,3.987883
2021/9/16,3.167,3.184,3.197,3.148,794308582,2520730333,-0.596359,1.537979,4.679128
2021/9/17,3.199,3.167,3.2,3.144,816152658,2594474901,1.01042,1.768235,4.752626
2021/9/22,3.158,3.148,3.168,3.136,951987488,3002386881,-1.281651,1.000313,5.541878
2021/9/23,3.164,3.178,3.2,3.152,546689846,1733275773,0.189994,1.519949,3.194706
2021/9/24,3.186,3.16,3.208,3.159,665822814,2123803728,0.695322,1.548673,3.928282
2021/9/27,3.247,3.2,3.253,3.198,1253036127,4052494181,1.914626,1.726303,7.753425
2021/9/28,3.247,3.243,3.265,3.215,507399219,1644949714,0,1.539883,3.106767
2021/9/29,3.248,3.225,3.26,3.195,767053532,2479461267,0.030798,2.001848,4.634802
2021/9/30,3.231,3.248,3.25,3.222,521097066,1685853875,-0.523399,0.862069,3.188529
2021/10/8,3.295,3.262,3.3,3.258,734601345,2416701710,1.980811,1.299907,4.52785
2021/10/11,3.312,3.309,3.353,3.306,881909167,2932563131,0.515933,1.426404,5.568007
2021/10/12,3.295,3.3,3.322,3.271,703599890,2318202782,-0.513285,1.539855,4.376338
2021/10/13,3.327,3.292,3.343,3.28,700594561,2324791961,0.971168,1.911988,4.45312
2021/10/14,3.306,3.322,3.342,3.299,632867438,2097664394,-0.631199,1.292456,3.990899
2021/10/15,3.332,3.302,3.34,3.29,540417897,1798181732,0.786449,1.512402,3.362299
2021/10/18,3.268,3.334,3.334,3.25,1165545048,3814958917,-1.920768,2.521008,7.01098
2021/10/19,3.291,3.263,3.3,3.263,820705592,2701064847,0.703794,1.132191,5.127113
2021/10/20,3.293,3.3,3.32,3.278,341818099,1126173105,0.060772,1.276208,2.120859
2021/10/21,3.314,3.3,3.333,3.29,425964351,1409867260,0.637716,1.3058,2.612755
2021/10/22,3.352,3.323,3.374,3.322,554788742,1856518226,1.146651,1.569101,3.385549
2021/10/25,3.35,3.337,3.357,3.329,518292544,1732904651,-0.059666,0.835322,3.133577
2021/10/26,3.329,3.356,3.371,3.32,656111500,2190343593,-0.626866,1.522388,4.029311
2021/10/27,3.287,3.317,3.317,3.277,698626192,2300873842,-1.26164,1.201562,4.284718
2021/10/28,3.286,3.28,3.294,3.265,581631648,1908774886,-0.030423,0.882263,3.476233
2021/10/29,3.304,3.289,3.305,3.281,616219745,2029577615,0.547778,0.730371,3.6715
